project,stage,total,success,running,pending,not_covered,failed,blocked,cancelled
linear-nonlinear-programming,statement,1464,1404,0,0,0,60,0,0
linear-nonlinear-programming,library_integration,1464,104,0,0,129,596,450,185
linear-nonlinear-programming,proof,1464,90,0,0,1361,2,11,0
linear-nonlinear-programming,refine,1464,0,0,0,1464,0,0,0
linear-nonlinear-programming,statement_repair,7,6,0,0,0,1,0,0
convex-optimization,statement,1137,882,0,192,0,5,18,40
convex-optimization,library_integration,1137,243,0,0,531,112,251,0
convex-optimization,proof,1137,187,0,0,901,2,47,0
convex-optimization,refine,1137,0,0,0,1137,0,0,0
convex-optimization,statement_repair,20,20,0,0,0,0,0,0
sun-yuan,statement,661,661,0,0,0,0,0,0
sun-yuan,library_integration,661,494,0,13,0,9,145,0
sun-yuan,proof,661,0,0,0,661,0,0,0
sun-yuan,refine,661,0,0,0,661,0,0,0
sun-yuan,statement_repair,16,13,0,0,0,3,0,0
linear-optimization,statement,751,727,0,0,0,18,6,0
linear-optimization,library_integration,751,152,0,0,138,142,27,292
linear-optimization,proof,751,107,0,0,604,23,7,10
linear-optimization,refine,751,0,0,0,751,0,0,0
linear-optimization,statement_repair,4,3,0,0,0,0,0,1
admm,statement,55,55,0,0,0,0,0,0
admm,library_integration,55,15,0,0,26,5,9,0
admm,proof,55,21,0,0,29,3,2,0
admm,refine,55,0,0,0,55,0,0,0
nocedal,statement,808,734,0,0,0,44,30,0
nocedal,library_integration,808,245,0,0,283,110,170,0
nocedal,proof,808,196,0,0,577,16,19,0
nocedal,refine,808,0,0,0,808,0,0,0
nocedal,statement_repair,8,8,0,0,0,0,0,0
number-theory-script,statement,384,375,0,0,0,9,0,0
number-theory-script,library_integration,384,375,0,0,9,0,0,0
number-theory-script,proof,384,0,0,0,384,0,0,0
number-theory-script,refine,384,0,0,0,384,0,0,0
bauschke,statement,902,72,0,0,0,2,16,812
bauschke,library_integration,902,23,0,0,862,11,6,0
bauschke,proof,902,18,0,0,878,6,0,0
bauschke,refine,902,0,0,0,902,0,0,0
bauschke,statement_repair,7,5,0,0,0,2,0,0
elementary-number-theory,statement,431,431,0,0,0,0,0,0
elementary-number-theory,library_integration,431,419,0,0,12,0,0,0
elementary-number-theory,proof,431,0,0,0,431,0,0,0
elementary-number-theory,refine,431,0,0,0,431,0,0,0
primes-congruences,statement,652,643,0,0,0,4,5,0
primes-congruences,library_integration,652,641,0,0,9,2,0,0
primes-congruences,proof,652,0,0,0,652,0,0,0
primes-congruences,refine,652,0,0,0,652,0,0,0
primes-congruences,statement_repair,2,0,0,0,0,2,0,0
monotone-operator-sum,statement,361,361,0,0,0,0,0,0
monotone-operator-sum,library_integration,361,209,0,0,152,0,0,0
monotone-operator-sum,proof,361,132,0,0,207,0,0,22
monotone-operator-sum,refine,361,0,0,0,361,0,0,0
l0-l1,statement,18,18,0,0,0,0,0,0
l0-l1,library_integration,18,14,0,0,4,0,0,0
l0-l1,proof,18,14,0,0,4,0,0,0
l0-l1,refine,18,0,0,0,18,0,0,0
l0-l1,statement_repair,2,2,0,0,0,0,0,0
bfgs,statement,21,21,0,0,0,0,0,0
bfgs,library_integration,21,10,0,0,11,0,0,0
bfgs,proof,21,12,0,0,9,0,0,0
bfgs,refine,21,0,0,0,21,0,0,0
bfgs,statement_repair,3,3,0,0,0,0,0,0
symmetric-pairs,statement,547,506,0,0,0,3,38,0
symmetric-pairs,library_integration,547,3,0,0,44,0,474,26
symmetric-pairs,proof,547,3,0,0,544,0,0,0
symmetric-pairs,refine,547,0,0,0,547,0,0,0
dfp-wolfe,statement,262,262,0,0,0,0,0,0
dfp-wolfe,library_integration,262,176,0,0,86,0,0,0
dfp-wolfe,proof,262,76,0,0,126,0,8,52
dfp-wolfe,refine,262,0,0,0,262,0,0,0
dfp-wolfe,statement_repair,3,3,0,0,0,0,0,0
question-pairs,statement,507,208,0,0,0,0,0,299
question-pairs,library_integration,507,82,0,0,357,0,17,51
question-pairs,proof,507,46,0,0,433,17,1,10
question-pairs,refine,507,0,0,0,507,0,0,0
riemann-surfaces,statement,142,142,0,0,0,0,0,0
riemann-surfaces,library_integration,142,70,0,0,55,0,0,17
riemann-surfaces,proof,142,97,0,0,44,0,0,1
riemann-surfaces,refine,142,1,0,0,114,7,0,20
riemann-surfaces,statement_repair,1,1,0,0,0,0,0,0
matrices,statement,83,81,0,0,0,0,0,2
matrices,library_integration,83,60,0,0,23,0,0,0
matrices,proof,83,58,0,0,25,0,0,0
matrices,refine,83,0,0,0,83,0,0,0
stacks,statement,1730,1728,0,0,0,0,0,2
stacks,library_integration,1730,1722,0,0,8,0,0,0
stacks,proof,1730,0,0,0,1730,0,0,0
stacks,refine,1730,0,0,0,1722,0,8,0
stacks,statement_repair,4,4,0,0,0,0,0,0
analysis-algebra,statement,6,6,0,0,0,0,0,0
analysis-algebra,library_integration,6,4,0,0,2,0,0,0
analysis-algebra,proof,6,4,0,0,2,0,0,0
analysis-algebra,refine,6,0,0,0,6,0,0,0
