obligation,project,proof_task,declaration,match_kind,proof_stage_success
obligation-0001,nocedal,proof-task-0001,Taylor.existsFirstOrder,proof_unit_id,True
obligation-0002,nocedal,proof-task-0001,Taylor.fderivAddEqIntegral,proof_unit_id,True
obligation-0003,nocedal,proof-task-0001,Taylor.existsSecondOrder,proof_unit_id,True
obligation-0004,nocedal,proof-task-0002,ReasLib.Optimization.strictLocalMin_of_posDef_secondFDeriv,proof_unit_id,True
obligation-0005,bfgs,proof-task-0003,BFGS.IsOrderOneExample.objective_spec,proof_unit_id,True
obligation-0005,bfgs,proof-task-0004,BFGS.IsOrderOneExample.objective_spec,proof_unit_id,True
obligation-0006,bfgs,proof-task-0003,BFGS.IsOrderOneExample.run_spec,proof_unit_id,True
obligation-0006,bfgs,proof-task-0004,BFGS.IsOrderOneExample.run_spec,proof_unit_id,True
obligation-0007,bfgs,proof-task-0003,BFGS.IsOrderOneExample.rate_spec,proof_unit_id,True
obligation-0007,bfgs,proof-task-0004,BFGS.IsOrderOneExample.rate_spec,proof_unit_id,True
obligation-0008,bfgs,proof-task-0003,BFGS.exists_orderOneExample,proof_unit_id,True
obligation-0008,bfgs,proof-task-0004,BFGS.exists_orderOneExample,proof_unit_id,True
obligation-0009,bfgs,proof-task-0003,BFGS.IsTrajectory.one_le_order,proof_unit_id,True
obligation-0009,bfgs,proof-task-0004,BFGS.IsTrajectory.one_le_order,proof_unit_id,True
obligation-0010,bfgs,proof-task-0005,EuclideanPlane.quarterTurnMatrix_toEuclideanLin,proof_unit_id,True
obligation-0011,bfgs,proof-task-0006,PlanarGradient.tangent_apply,proof_unit_id,True
obligation-0012,bfgs,proof-task-0006,PlanarGradient.orthonormal_tangent,proof_unit_id,True
obligation-0013,bfgs,proof-task-0006,PlanarGradient.span_tangent_eq_top,proof_unit_id,True
obligation-0014,bfgs,proof-task-0006,PlanarGradient.perturbation_apply,proof_unit_id,True
obligation-0015,bfgs,proof-task-0006,PlanarGradient.inner_perturbation,proof_unit_id,True
obligation-0016,bfgs,proof-task-0006,PlanarGradient.norm_perturbation,proof_unit_id,True
obligation-0017,bfgs,proof-task-0006,PlanarGradient.candidate_apply,proof_unit_id,True
obligation-0018,bfgs,proof-task-0006,PlanarGradient.candidate_sub,proof_unit_id,True
obligation-0019,bfgs,proof-task-0006,PlanarGradient.stepDirection_apply,proof_unit_id,True
obligation-0020,bfgs,proof-task-0006,PlanarGradient.norm_stepDirection,proof_unit_id,True
obligation-0021,bfgs,proof-task-0006,PlanarGradient.parallelCoefficient_apply,proof_unit_id,True
obligation-0022,bfgs,proof-task-0006,PlanarGradient.tangentCoefficient_apply,proof_unit_id,True
obligation-0023,bfgs,proof-task-0006,PlanarGradient.angularSeparation_apply,proof_unit_id,True
obligation-0024,bfgs,proof-task-0006,PlanarGradient.angularSeparation_mem_Icc,proof_unit_id,True
obligation-0025,bfgs,proof-task-0006,PlanarGradient.scale_apply,proof_unit_id,True
obligation-0026,bfgs,proof-task-0006,PlanarGradient.next_apply,proof_unit_id,True
obligation-0027,bfgs,proof-task-0007,PlanarGradient.parallelCoefficient_eq_of_preStep,proof_unit_id,True
obligation-0028,bfgs,proof-task-0007,PlanarGradient.tangentCoefficient_eq_areaForm,proof_unit_id,True
obligation-0029,bfgs,proof-task-0007,PlanarGradient.tangentCoefficient_ne_zero,proof_unit_id,True
obligation-0030,bfgs,proof-task-0007,PlanarGradient.abs_coefficientRatio,proof_unit_id,True
obligation-0031,bfgs,proof-task-0007,PlanarGradient.next_candidate_orthogonal,proof_unit_id,True
obligation-0032,bfgs,proof-task-0007,PlanarGradient.next_mem_span,proof_unit_id,True
obligation-0033,bfgs,proof-task-0007,PlanarGradient.next_ne_zero,proof_unit_id,True
obligation-0034,bfgs,proof-task-0007,PlanarGradient.angularSeparation_next,proof_unit_id,True
obligation-0035,bfgs,proof-task-0007,PlanarGradient.abs_tangentCoefficient_eq_next,proof_unit_id,True
obligation-0036,bfgs,proof-task-0008,PlanarGradient.angularSeparation_pos_of_recurrence,proof_unit_id,True
obligation-0037,bfgs,proof-task-0008,PlanarGradient.angularSeparation_next_eq_div_norm,proof_unit_id,True
obligation-0038,bfgs,proof-task-0008,PlanarGradient.angularSeparation_next_lower_bound,proof_unit_id,True
obligation-0039,bfgs,proof-task-0008,PlanarGradient.angularSeparation_prod_lower_bound,proof_unit_id,True
obligation-0040,bfgs,proof-task-0008,PlanarGradient.angleLowerBound_apply,proof_unit_id,True
obligation-0041,bfgs,proof-task-0008,PlanarGradient.angleLowerBound_pos,proof_unit_id,True
obligation-0042,bfgs,proof-task-0008,PlanarGradient.angleLowerBound_le_angularSeparation,proof_unit_id,True
obligation-0043,bfgs,proof-task-0008,PlanarGradient.angleLowerBound_le_abs_tangentCoefficient,proof_unit_id,True
obligation-0044,bfgs,proof-task-0009,PlanarGradient.exists_alternatingScale,proof_unit_id,True
obligation-0045,bfgs,proof-task-0010,PlanarGradient.exists_nearCancellation,proof_unit_id,True
obligation-0046,bfgs,proof-task-0010,PlanarGradient.nearCancellation_abs_mem_Icc,proof_unit_id,True
obligation-0047,bfgs,proof-task-0010,PlanarGradient.parallelCoefficient_ne_zero_of_perturbation,proof_unit_id,True
obligation-0048,bfgs,proof-task-0010,PlanarGradient.exists_retainingPerturbation,proof_unit_id,True
obligation-0049,bfgs,proof-task-0010,PlanarGradient.retainingPerturbation_abs_mem_Icc,proof_unit_id,True
obligation-0050,bfgs,proof-task-0010,PlanarGradient.nextCancellationScale_le_min,proof_unit_id,True
obligation-0051,bfgs,proof-task-0011,PlanarGradient.IsAlternatingScale.isSuperlinear,proof_unit_id,True
obligation-0052,bfgs,proof-task-0011,PlanarGradient.IsAlternatingScale.order_eq_one,proof_unit_id,True
obligation-0053,bfgs,proof-task-0012,PlanarGradient.exists_compactlySupportedInterpolation,proof_unit_id,True
obligation-0053,bfgs,proof-task-0013,PlanarGradient.exists_compactlySupportedInterpolation,proof_unit_id,True
obligation-0053,bfgs,proof-task-0014,PlanarGradient.exists_compactlySupportedInterpolation,proof_unit_id,True
obligation-0054,bfgs,proof-task-0015,Broyden.IsTrajectory.ofConditions,proof_unit_id,True
obligation-0055,bfgs,proof-task-0015,Broyden.IsTrajectory.step_spec,proof_unit_id,True
obligation-0056,bfgs,proof-task-0016,BFGS.IsOrderOneExample.existsBroydenTrajectory,proof_unit_id,True
obligation-0057,bfgs,proof-task-0016,BFGS.IsOrderOneExample.broydenPoints_eq,proof_unit_id,True
obligation-0058,bfgs,proof-task-0016,BFGS.IsOrderOneExample.broydenNonterminating,proof_unit_id,True
obligation-0059,bfgs,proof-task-0016,BFGS.IsOrderOneExample.broydenSuperlinear,proof_unit_id,True
obligation-0060,bfgs,proof-task-0016,BFGS.IsOrderOneExample.broydenOrder_eq_one,proof_unit_id,True
obligation-0061,l0-l1,proof-task-0017,CompositeOptimization.WarmStartExecution.exists_of_initialization,proof_unit_id,True
obligation-0062,l0-l1,proof-task-0018,CompositeOptimization.exists_adaptiveGeometryDrivenSolutionScaleRate,proof_unit_id,True
obligation-0062,l0-l1,proof-task-0019,CompositeOptimization.exists_adaptiveGeometryDrivenSolutionScaleRate,proof_unit_id,True
obligation-0062,l0-l1,proof-task-0020,CompositeOptimization.exists_adaptiveGeometryDrivenSolutionScaleRate,proof_unit_id,True
obligation-0063,l0-l1,proof-task-0021,CompositeOptimization.exists_adaptiveAffineEnvelopeSolutionScaleRate,proof_unit_id,True
obligation-0064,l0-l1,proof-task-0022,CompositeOptimization.WarmStartExecution.exists_of_initialization,proof_unit_id,True
obligation-0065,l0-l1,proof-task-0023,CompositeOptimization.exists_adaptiveGeometryDrivenSolutionScaleRate,proof_unit_id,True
obligation-0066,l0-l1,proof-task-0024,OracleComplexity.Minimax.complexityLowerBounds,proof_unit_id,True
obligation-0067,riemann-surfaces,proof-task-0025,ContinuousMap.HomotopyWith.basepointTrack_apply,proof_unit_id,True
obligation-0068,riemann-surfaces,proof-task-0025,Path.Homotopic.reparam,proof_unit_id,True
obligation-0069,riemann-surfaces,proof-task-0025,Path.Homotopic.conjugateOfHomotopyWith,proof_unit_id,True
obligation-0070,riemann-surfaces,proof-task-0026,FundamentalGroup.op_mk_trans,proof_unit_id,True
obligation-0071,riemann-surfaces,proof-task-0027,FundamentalGroup.fundamentalGroupMulEquivOfPath_apply,proof_unit_id,True
obligation-0072,riemann-surfaces,proof-task-0027,FundamentalGroup.fundamentalGroupMulEquivOfPath_trans_symm,proof_unit_id,True
obligation-0073,riemann-surfaces,proof-task-0027,FundamentalGroup.fundamentalGroupMulEquivOfPath_trans_symm_toPath,proof_unit_id,True
obligation-0074,riemann-surfaces,proof-task-0027,FundamentalGroup.fundamentalGroupMulEquivOfPath_eq_of_commutative,proof_unit_id,True
obligation-0075,riemann-surfaces,proof-task-0028,StarConvex.isSimplyConnected,proof_unit_id,True
obligation-0076,riemann-surfaces,proof-task-0028,Metric.isSimplyConnected_ball,proof_unit_id,True
obligation-0077,riemann-surfaces,proof-task-0029,Complex.isSimplyConnected_slitPlane,proof_unit_id,True
obligation-0078,riemann-surfaces,proof-task-0029,Complex.isSimplyConnected_compl_Ici_zero,proof_unit_id,True
obligation-0079,riemann-surfaces,proof-task-0030,RiemannSphere.instSimplyConnectedSpace,proof_unit_id,True
obligation-0080,riemann-surfaces,proof-task-0031,Path.freeHomotopic_iff,proof_unit_id,True
obligation-0081,riemann-surfaces,proof-task-0031,Path.FreeHomotopic.refl,proof_unit_id,True
obligation-0082,riemann-surfaces,proof-task-0031,Path.FreeHomotopic.symm,proof_unit_id,True
obligation-0083,riemann-surfaces,proof-task-0031,Path.FreeHomotopic.trans,proof_unit_id,True
obligation-0084,riemann-surfaces,proof-task-0031,Path.FreeHomotopic.homotopic,proof_unit_id,True
obligation-0085,riemann-surfaces,proof-task-0031,Path.FreeHomotopic.map,proof_unit_id,True
obligation-0086,riemann-surfaces,proof-task-0032,ContinuousMap.HomotopyWith.basepointTrack_apply,proof_unit_id,True
obligation-0087,riemann-surfaces,proof-task-0032,Path.Homotopic.reparam,proof_unit_id,True
obligation-0088,riemann-surfaces,proof-task-0032,Path.Homotopic.conjugateOfHomotopyWith,proof_unit_id,True
obligation-0089,riemann-surfaces,proof-task-0033,Path.freeHomotopic_iff,proof_unit_id,True
obligation-0090,riemann-surfaces,proof-task-0033,Path.FreeHomotopic.refl,proof_unit_id,True
obligation-0091,riemann-surfaces,proof-task-0033,Path.FreeHomotopic.symm,proof_unit_id,True
obligation-0092,riemann-surfaces,proof-task-0033,Path.FreeHomotopic.trans,proof_unit_id,True
obligation-0093,riemann-surfaces,proof-task-0033,Path.FreeHomotopic.homotopic,proof_unit_id,True
obligation-0094,riemann-surfaces,proof-task-0033,Path.FreeHomotopic.map,proof_unit_id,True
obligation-0095,riemann-surfaces,proof-task-0034,simplyConnectedSpace_iff_closedCurvesFreeHomotopic,proof_unit_id,True
obligation-0096,riemann-surfaces,proof-task-0034,IsSimplyConnected.union_of_isOpen,proof_unit_id,True
obligation-0097,riemann-surfaces,proof-task-0035,FundamentalGroup.op_mk_trans,proof_unit_id,True
obligation-0098,riemann-surfaces,proof-task-0035,FundamentalGroup.mapOfEq_eq_of_homotopicRel,proof_unit_id,True
obligation-0099,riemann-surfaces,proof-task-0035,FundamentalGroup.map_comp,proof_unit_id,True
obligation-0100,riemann-surfaces,proof-task-0036,simplyConnectedSpace_iff_closedCurvesFreeHomotopic,proof_unit_id,True
obligation-0101,riemann-surfaces,proof-task-0036,IsSimplyConnected.union_of_isOpen,proof_unit_id,True
obligation-0102,riemann-surfaces,proof-task-0037,Metric.isSimplyConnected_sphere,proof_unit_id,True
obligation-0103,riemann-surfaces,proof-task-0038,FundamentalGroup.op_mk_trans,proof_unit_id,True
obligation-0104,riemann-surfaces,proof-task-0038,FundamentalGroup.mapOfEq_eq_of_homotopicRel,proof_unit_id,True
obligation-0105,riemann-surfaces,proof-task-0039,FundamentalGroup.prodProjectionHom_apply,proof_unit_id,True
obligation-0106,riemann-surfaces,proof-task-0039,FundamentalGroup.prodPathHom_apply,proof_unit_id,True
obligation-0107,riemann-surfaces,proof-task-0039,FundamentalGroup.prodPathHom_leftInverse,proof_unit_id,True
obligation-0108,riemann-surfaces,proof-task-0039,FundamentalGroup.prodPathHom_rightInverse,proof_unit_id,True
obligation-0109,riemann-surfaces,proof-task-0039,FundamentalGroup.prodMulEquiv_apply,proof_unit_id,True
obligation-0110,riemann-surfaces,proof-task-0039,FundamentalGroup.prodMulEquiv_symm_apply,proof_unit_id,True
obligation-0111,admm,proof-task-0040,ConsensusADMM.Period48.gammaZero_eq,proof_unit_id,True
obligation-0112,admm,proof-task-0040,ConsensusADMM.Period48.sigma_eq,proof_unit_id,True
obligation-0113,admm,proof-task-0040,ConsensusADMM.Period48.alternating_apply,proof_unit_id,True
obligation-0114,admm,proof-task-0040,ConsensusADMM.Period48.perturbationVector_apply,proof_unit_id,True
obligation-0115,admm,proof-task-0040,ConsensusADMM.Period48.gramMatrix_apply,proof_unit_id,True
obligation-0116,admm,proof-task-0040,ConsensusADMM.Period48.gramMatrix_isSymm,proof_unit_id,True
obligation-0117,admm,proof-task-0040,ConsensusADMM.Period48.alternatingEta_apply,proof_unit_id,True
obligation-0118,admm,proof-task-0040,ConsensusADMM.Period48.alternatingResidual_apply,proof_unit_id,True
obligation-0119,admm,proof-task-0040,ConsensusADMM.Period48.alternatingVertex_apply,proof_unit_id,True
obligation-0120,admm,proof-task-0040,ConsensusADMM.Period48.alternatingFirstNormal_apply,proof_unit_id,True
obligation-0121,admm,proof-task-0040,ConsensusADMM.Period48.alternatingSecondNormal_apply,proof_unit_id,True
obligation-0122,admm,proof-task-0040,ConsensusADMM.Period48.alternatingSupport_odd,proof_unit_id,True
obligation-0123,admm,proof-task-0040,ConsensusADMM.Period48.alternatingSupport_even,proof_unit_id,True
obligation-0124,admm,proof-task-0040,ConsensusADMM.Period48.alternatingOriginSupport_eq,proof_unit_id,True
obligation-0125,admm,proof-task-0041,ConsensusADMM.Period48.FixedPolytopes.gramMatrix_posDef,proof_unit_id,True
obligation-0126,admm,proof-task-0041,ConsensusADMM.Period48.FixedPolytopes.xSet_ySet_isCompactConvexPolytope,proof_unit_id,True
obligation-0127,admm,proof-task-0041,ConsensusADMM.Period48.FixedPolytopes.xSet_ySet_eq,proof_unit_id,True
obligation-0128,admm,proof-task-0041,ConsensusADMM.Period48.FixedPolytopes.isProjectionCycle,proof_unit_id,True
obligation-0129,admm,proof-task-0041,ConsensusADMM.Period48.FixedPolytopes.trajectory_exactPeriod,proof_unit_id,True
obligation-0130,admm,proof-task-0041,ConsensusADMM.Period48.FixedPolytopes.constantPositiveResidual,proof_unit_id,True
obligation-0131,admm,proof-task-0041,ConsensusADMM.Period48.FixedPolytopes.secondSupports_strict,proof_unit_id,True
obligation-0132,admm,proof-task-0041,ConsensusADMM.Period48.FixedPolytopes.firstSupports_zero_iff,proof_unit_id,True
obligation-0133,admm,proof-task-0042,ConsensusADMM.Period48.Realization.eta_apply,proof_unit_id,True
obligation-0134,admm,proof-task-0042,ConsensusADMM.Period48.Realization.w_apply,proof_unit_id,True
obligation-0135,admm,proof-task-0042,ConsensusADMM.Period48.Realization.rho_apply,proof_unit_id,True
obligation-0136,admm,proof-task-0042,ConsensusADMM.Period48.Realization.xi_apply,proof_unit_id,True
obligation-0137,admm,proof-task-0042,ConsensusADMM.Period48.Realization.nu_apply,proof_unit_id,True
obligation-0138,admm,proof-task-0042,ConsensusADMM.Period48.Realization.xSet_def,proof_unit_id,True
obligation-0139,admm,proof-task-0042,ConsensusADMM.Period48.Realization.ySet_def,proof_unit_id,True
obligation-0140,admm,proof-task-0042,ConsensusADMM.Period48.Realization.w_mulVec,proof_unit_id,True
obligation-0141,admm,proof-task-0042,ConsensusADMM.Period48.Realization.rho_mulVec,proof_unit_id,True
obligation-0142,admm,proof-task-0042,ConsensusADMM.Period48.Realization.xi_mulVec,proof_unit_id,True
obligation-0143,admm,proof-task-0042,ConsensusADMM.Period48.Realization.inner_mulVec,proof_unit_id,True
obligation-0144,admm,proof-task-0042,ConsensusADMM.Period48.Realization.residual_eq,proof_unit_id,True
obligation-0145,admm,proof-task-0042,ConsensusADMM.Period48.Realization.xVertex_eq,proof_unit_id,True
obligation-0146,admm,proof-task-0042,ConsensusADMM.Period48.Realization.firstNormal_eq,proof_unit_id,True
obligation-0147,admm,proof-task-0042,ConsensusADMM.Period48.Realization.secondNormal_eq,proof_unit_id,True
obligation-0148,admm,proof-task-0043,ConsensusADMM.Period48.j0_apply,proof_unit_id,True
obligation-0149,admm,proof-task-0043,ConsensusADMM.Period48.j0_blocks,proof_unit_id,True
obligation-0150,admm,proof-task-0043,ConsensusADMM.Period48.j0_isSymm,proof_unit_id,True
obligation-0151,admm,proof-task-0044,ConsensusADMM.Period48.FractionFree.stage_zero,proof_unit_id,True
obligation-0152,admm,proof-task-0044,ConsensusADMM.Period48.FractionFree.stage_succ_apply,proof_unit_id,True
obligation-0153,admm,proof-task-0044,ConsensusADMM.Period48.FractionFree.previousPivot_zero,proof_unit_id,True
obligation-0154,admm,proof-task-0044,ConsensusADMM.Period48.FractionFree.previousPivot_succ,proof_unit_id,True
obligation-0155,admm,proof-task-0044,ConsensusADMM.Period48.FractionFree.pivot_apply,proof_unit_id,True
obligation-0156,admm,proof-task-0044,ConsensusADMM.Period48.FractionFree.principal_apply,proof_unit_id,True
obligation-0157,admm,proof-task-0044,ConsensusADMM.Period48.FractionFree.previousPivot_dvd_update,proof_unit_id,True
obligation-0158,admm,proof-task-0044,ConsensusADMM.Period48.FractionFree.pivot_eq_det,proof_unit_id,True
obligation-0159,admm,proof-task-0044,ConsensusADMM.Period48.FractionFree.one_le_pivot,proof_unit_id,True
obligation-0160,admm,proof-task-0044,ConsensusADMM.Period48.j0_posDef,proof_unit_id,True
obligation-0161,admm,proof-task-0045,ConsensusADMM.Period48.gammaZero_eq,proof_unit_id,True
obligation-0162,admm,proof-task-0045,ConsensusADMM.Period48.sigma_eq,proof_unit_id,True
obligation-0163,admm,proof-task-0045,ConsensusADMM.Period48.alternating_apply,proof_unit_id,True
obligation-0164,admm,proof-task-0045,ConsensusADMM.Period48.perturbationVector_apply,proof_unit_id,True
obligation-0165,admm,proof-task-0045,ConsensusADMM.Period48.gramMatrix_apply,proof_unit_id,True
obligation-0166,admm,proof-task-0045,ConsensusADMM.Period48.gramMatrix_isSymm,proof_unit_id,True
obligation-0167,admm,proof-task-0045,ConsensusADMM.Period48.alternatingEta_apply,proof_unit_id,True
obligation-0168,admm,proof-task-0045,ConsensusADMM.Period48.alternatingResidual_apply,proof_unit_id,True
obligation-0169,admm,proof-task-0045,ConsensusADMM.Period48.alternatingVertex_apply,proof_unit_id,True
obligation-0170,admm,proof-task-0045,ConsensusADMM.Period48.alternatingFirstNormal_apply,proof_unit_id,True
obligation-0171,admm,proof-task-0045,ConsensusADMM.Period48.alternatingSecondNormal_apply,proof_unit_id,True
obligation-0172,admm,proof-task-0045,ConsensusADMM.Period48.alternatingSupport_odd,proof_unit_id,True
obligation-0173,admm,proof-task-0045,ConsensusADMM.Period48.alternatingSupport_even,proof_unit_id,True
obligation-0174,admm,proof-task-0045,ConsensusADMM.Period48.alternatingOriginSupport_eq,proof_unit_id,True
obligation-0175,admm,proof-task-0046,ConsensusADMM.Period48.Coefficient.support_def,proof_unit_id,True
obligation-0176,admm,proof-task-0046,ConsensusADMM.Period48.Coefficient.supportCyclic,proof_unit_id,True
obligation-0177,admm,proof-task-0046,ConsensusADMM.Period48.Coefficient.phaseZeroTest_card,proof_unit_id,True
obligation-0178,admm,proof-task-0046,ConsensusADMM.Period48.Coefficient.supportTest_card,proof_unit_id,True
obligation-0179,admm,proof-task-0046,ConsensusADMM.Period48.Coefficient.support_affine,proof_unit_id,True
obligation-0180,admm,proof-task-0046,ConsensusADMM.Period48.Coefficient.firstSlopeBound,proof_unit_id,True
obligation-0181,admm,proof-task-0046,ConsensusADMM.Period48.Coefficient.secondSlopeBound,proof_unit_id,True
obligation-0182,admm,proof-task-0046,ConsensusADMM.Period48.Coefficient.firstValueBound,proof_unit_id,True
obligation-0183,admm,proof-task-0046,ConsensusADMM.Period48.Coefficient.secondValueBound,proof_unit_id,True
obligation-0184,admm,proof-task-0046,ConsensusADMM.Period48.Coefficient.activeSupport,proof_unit_id,True
obligation-0185,admm,proof-task-0046,ConsensusADMM.Period48.Coefficient.allSupportsNonneg,proof_unit_id,True
obligation-0186,admm,proof-task-0046,ConsensusADMM.Period48.Coefficient.support_nonneg_iff_pairing,proof_unit_id,True
obligation-0187,admm,proof-task-0046,ConsensusADMM.Period48.Coefficient.support_eq_inner,proof_unit_id,True
obligation-0188,analysis-algebra,proof-task-0047,PolynomialKernel.inner_quadraticCubicFeatureMap,proof_unit_id,True
obligation-0189,analysis-algebra,proof-task-0047,PolynomialKernel.exists_quadraticCubicFeatureMap,proof_unit_id,True
obligation-0190,analysis-algebra,proof-task-0048,convexOn_iff_map_sum_le,proof_unit_id,True
obligation-0191,analysis-algebra,proof-task-0048,ConvexOn.map_integral_simpleFunc_le,proof_unit_id,True
obligation-0192,matrices,proof-task-0049,InnerProductSpace.mem_hyperplane,proof_unit_id,True
obligation-0193,matrices,proof-task-0050,mem_openLineSegment,proof_unit_id,True
obligation-0194,matrices,proof-task-0050,openLineSegment_same,proof_unit_id,True
obligation-0195,matrices,proof-task-0050,openLineSegment_eq_openSegment,proof_unit_id,True
obligation-0196,matrices,proof-task-0051,Set.mem_closedHalfSpace,proof_unit_id,True
obligation-0197,matrices,proof-task-0052,Matrix.PosDef.norm_eq_sqrt_dotProduct_mulVec,proof_unit_id,True
obligation-0198,matrices,proof-task-0053,lpNorm_def,proof_unit_id,True
obligation-0199,matrices,proof-task-0054,signVector_apply,proof_unit_id,True
obligation-0200,matrices,proof-task-0054,signVector_apply_of_nonneg,proof_unit_id,True
obligation-0201,matrices,proof-task-0054,signVector_apply_of_neg,proof_unit_id,True
obligation-0202,matrices,proof-task-0054,signVector_zero,proof_unit_id,True
obligation-0203,matrices,proof-task-0055,Matrix.frobeniusInner_eq_sum,proof_unit_id,True
obligation-0204,matrices,proof-task-0055,Matrix.frobeniusInner_eq_trace,proof_unit_id,True
obligation-0205,matrices,proof-task-0056,EuclideanMatrix.toMatrix_apply,proof_unit_id,True
obligation-0206,matrices,proof-task-0056,EuclideanMatrix.ofMatrix_apply,proof_unit_id,True
obligation-0207,matrices,proof-task-0056,EuclideanMatrix.toMatrix_ofMatrix,proof_unit_id,True
obligation-0208,matrices,proof-task-0056,EuclideanMatrix.ofMatrix_toMatrix,proof_unit_id,True
obligation-0209,matrices,proof-task-0056,EuclideanMatrix.toMatrix_add,proof_unit_id,True
obligation-0210,matrices,proof-task-0056,EuclideanMatrix.toMatrix_smul,proof_unit_id,True
obligation-0211,matrices,proof-task-0056,EuclideanMatrix.linearEquiv_apply,proof_unit_id,True
obligation-0212,matrices,proof-task-0056,EuclideanMatrix.inner_apply,proof_unit_id,True
obligation-0213,matrices,proof-task-0056,EuclideanMatrix.inner_eq_trace_transpose_mul,proof_unit_id,True
obligation-0214,matrices,proof-task-0057,Matrix.mem_symmetricSubmodule,proof_unit_id,True
obligation-0215,matrices,proof-task-0057,Matrix.mem_symmetricSubmodule_iff_transpose_eq,proof_unit_id,True
obligation-0216,matrices,proof-task-0057,SymmetricMatrix.mem_space,proof_unit_id,True
obligation-0217,matrices,proof-task-0057,SymmetricMatrix.toMatrix_apply,proof_unit_id,True
obligation-0218,matrices,proof-task-0057,SymmetricMatrix.isSymm_toMatrix,proof_unit_id,True
obligation-0219,matrices,proof-task-0057,SymmetricMatrix.ofMatrix_mem,proof_unit_id,True
obligation-0220,matrices,proof-task-0057,SymmetricMatrix.toMatrix_ofMatrix,proof_unit_id,True
obligation-0221,matrices,proof-task-0057,SymmetricMatrix.ofMatrix_toMatrix,proof_unit_id,True
obligation-0222,matrices,proof-task-0057,SymmetricMatrix.inner_apply,proof_unit_id,True
obligation-0223,matrices,proof-task-0058,Matrix.frobenius_norm_eq_sqrt_sum_sq,proof_unit_id,True
obligation-0224,matrices,proof-task-0058,Matrix.frobenius_norm_eq_sqrt_trace,proof_unit_id,True
obligation-0225,matrices,proof-task-0059,LinearMap.norm_toContinuousLinearMap_eq_singularValues_zero,proof_unit_id,True
obligation-0226,matrices,proof-task-0060,Matrix.inducedL1Norm_def,proof_unit_id,True
obligation-0227,matrices,proof-task-0060,Matrix.inducedL1Norm_eq_maxColumnSum,proof_unit_id,True
obligation-0228,matrices,proof-task-0061,Matrix.opNorm_mulVec_eq_maxRowSum,proof_unit_id,True
obligation-0229,matrices,proof-task-0062,LinearMap.exists_matrix_mulVec,proof_unit_id,True
obligation-0230,matrices,proof-task-0062,LinearMap.exists_matrix_mulVec,declaration_and_owner,True
obligation-0231,matrices,proof-task-0063,LinearMap.exists_matrix_trace_mul,proof_unit_id,True
obligation-0232,matrices,proof-task-0064,ContinuousLinearMap.norm_isGreatest_unitBall,proof_unit_id,True
obligation-0233,matrices,proof-task-0064,ContinuousLinearMap.norm_isGreatest_unitBall,declaration_and_owner,True
obligation-0234,matrices,proof-task-0065,ContinuousLinearMap.norm_isGreatest_unitSphere,proof_unit_id,True
obligation-0235,matrices,proof-task-0066,FiniteLp.dualNorm_isGreatest,proof_unit_id,True
obligation-0236,matrices,proof-task-0066,FiniteLp.dualL1Norm_isGreatest,proof_unit_id,True
obligation-0237,matrices,proof-task-0066,FiniteLp.dualLinftyNorm_isGreatest,proof_unit_id,True
obligation-0238,matrices,proof-task-0052,Matrix.PosDef.norm_eq_sqrt_dotProduct_mulVec,declaration_and_owner,True
obligation-0239,matrices,proof-task-0067,Matrix.PosDef.dualNorm_isGreatest,proof_unit_id,True
obligation-0240,matrices,proof-task-0067,Matrix.PosDef.diagonal_norm_eq_sqrt_sum,proof_unit_id,True
obligation-0241,matrices,proof-task-0067,Matrix.PosDef.diagonal_dualNorm_isGreatest,proof_unit_id,True
obligation-0242,matrices,proof-task-0068,WeightedL2.dualNorm_isLUB,proof_unit_id,True
obligation-0243,matrices,proof-task-0069,NormedSpace.surjective_inclusionInDoubleDualLi,proof_unit_id,True
obligation-0244,matrices,proof-task-0070,EuclideanMatrix.traceMeasurement_map_add,proof_unit_id,True
obligation-0245,matrices,proof-task-0070,EuclideanMatrix.traceMeasurement_map_smul,proof_unit_id,True
obligation-0246,matrices,proof-task-0070,EuclideanMatrix.traceMeasurement_apply,proof_unit_id,True
obligation-0247,matrices,proof-task-0070,EuclideanMatrix.traceMeasurement_adjoint,proof_unit_id,True
obligation-0248,matrices,proof-task-0071,LinearEquiv.adjoint_symm_inverse,proof_unit_id,True
obligation-0249,matrices,proof-task-0072,ContinuousLinearMap.norm_eq_sSup_norm_mulVec,proof_unit_id,True
