obligation,project,source_item,source_target,declaration,owner_file,integration_time_status,match_kind,proof_stage_success,current_owner_exists,evidence_level
obligation-0001,nocedal,nno_theorem_2_1,NocedalNumericalOptimization/Chapter02/Theorem_2_1.lean,Taylor.existsFirstOrder,ReasLib/Analysis/Calculus/Taylor.lean,pending,proof_unit_id,True,True,record_linkage_not_full_kernel_revalidation
obligation-0002,nocedal,nno_theorem_2_1,NocedalNumericalOptimization/Chapter02/Theorem_2_1.lean,Taylor.fderivAddEqIntegral,ReasLib/Analysis/Calculus/Taylor.lean,pending,proof_unit_id,True,True,record_linkage_not_full_kernel_revalidation
obligation-0003,nocedal,nno_theorem_2_1,NocedalNumericalOptimization/Chapter02/Theorem_2_1.lean,Taylor.existsSecondOrder,ReasLib/Analysis/Calculus/Taylor.lean,pending,proof_unit_id,True,True,record_linkage_not_full_kernel_revalidation
obligation-0004,nocedal,nno_theorem_2_4,NocedalNumericalOptimization/Chapter02/Theorem_2_4.lean,ReasLib.Optimization.strictLocalMin_of_posDef_secondFDeriv,ReasLib/Optimization/SecondOrder.lean,pending,proof_unit_id,True,True,record_linkage_not_full_kernel_revalidation
obligation-0005,bfgs,theorem_1_1,Book/Theorem_1_1.lean,BFGS.IsOrderOneExample.objective_spec,ReasLib/Optimization/BFGS/MinimumQOrder.lean,pending,proof_unit_id,True,True,record_linkage_not_full_kernel_revalidation
obligation-0006,bfgs,theorem_1_1,Book/Theorem_1_1.lean,BFGS.IsOrderOneExample.run_spec,ReasLib/Optimization/BFGS/MinimumQOrder.lean,pending,proof_unit_id,True,True,record_linkage_not_full_kernel_revalidation
obligation-0007,bfgs,theorem_1_1,Book/Theorem_1_1.lean,BFGS.IsOrderOneExample.rate_spec,ReasLib/Optimization/BFGS/MinimumQOrder.lean,pending,proof_unit_id,True,True,record_linkage_not_full_kernel_revalidation
obligation-0008,bfgs,theorem_1_1,Book/Theorem_1_1.lean,BFGS.exists_orderOneExample,ReasLib/Optimization/BFGS/MinimumQOrder.lean,pending,proof_unit_id,True,True,record_linkage_not_full_kernel_revalidation
obligation-0009,bfgs,theorem_1_1,Book/Theorem_1_1.lean,BFGS.IsTrajectory.one_le_order,ReasLib/Optimization/BFGS/MinimumQOrder.lean,pending,proof_unit_id,True,True,record_linkage_not_full_kernel_revalidation
obligation-0010,bfgs,notation_3_1,Book/Notation_3_1.lean,EuclideanPlane.quarterTurnMatrix_toEuclideanLin,ReasLib/Geometry/Euclidean/Plane/Rotation.lean,pending,proof_unit_id,True,True,record_linkage_not_full_kernel_revalidation
obligation-0011,bfgs,notation_3_1,Book/Notation_3_1.lean,PlanarGradient.tangent_apply,ReasLib/Optimization/BFGS/PlanarGradient.lean,pending,proof_unit_id,True,True,record_linkage_not_full_kernel_revalidation
obligation-0012,bfgs,notation_3_1,Book/Notation_3_1.lean,PlanarGradient.orthonormal_tangent,ReasLib/Optimization/BFGS/PlanarGradient.lean,pending,proof_unit_id,True,True,record_linkage_not_full_kernel_revalidation
obligation-0013,bfgs,notation_3_1,Book/Notation_3_1.lean,PlanarGradient.span_tangent_eq_top,ReasLib/Optimization/BFGS/PlanarGradient.lean,pending,proof_unit_id,True,True,record_linkage_not_full_kernel_revalidation
obligation-0014,bfgs,notation_3_1,Book/Notation_3_1.lean,PlanarGradient.perturbation_apply,ReasLib/Optimization/BFGS/PlanarGradient.lean,pending,proof_unit_id,True,True,record_linkage_not_full_kernel_revalidation
obligation-0015,bfgs,notation_3_1,Book/Notation_3_1.lean,PlanarGradient.inner_perturbation,ReasLib/Optimization/BFGS/PlanarGradient.lean,pending,proof_unit_id,True,True,record_linkage_not_full_kernel_revalidation
obligation-0016,bfgs,notation_3_1,Book/Notation_3_1.lean,PlanarGradient.norm_perturbation,ReasLib/Optimization/BFGS/PlanarGradient.lean,pending,proof_unit_id,True,True,record_linkage_not_full_kernel_revalidation
obligation-0017,bfgs,notation_3_1,Book/Notation_3_1.lean,PlanarGradient.candidate_apply,ReasLib/Optimization/BFGS/PlanarGradient.lean,pending,proof_unit_id,True,True,record_linkage_not_full_kernel_revalidation
obligation-0018,bfgs,notation_3_1,Book/Notation_3_1.lean,PlanarGradient.candidate_sub,ReasLib/Optimization/BFGS/PlanarGradient.lean,pending,proof_unit_id,True,True,record_linkage_not_full_kernel_revalidation
obligation-0019,bfgs,notation_3_1,Book/Notation_3_1.lean,PlanarGradient.stepDirection_apply,ReasLib/Optimization/BFGS/PlanarGradient.lean,pending,proof_unit_id,True,True,record_linkage_not_full_kernel_revalidation
obligation-0020,bfgs,notation_3_1,Book/Notation_3_1.lean,PlanarGradient.norm_stepDirection,ReasLib/Optimization/BFGS/PlanarGradient.lean,pending,proof_unit_id,True,True,record_linkage_not_full_kernel_revalidation
obligation-0021,bfgs,notation_3_1,Book/Notation_3_1.lean,PlanarGradient.parallelCoefficient_apply,ReasLib/Optimization/BFGS/PlanarGradient.lean,pending,proof_unit_id,True,True,record_linkage_not_full_kernel_revalidation
obligation-0022,bfgs,notation_3_1,Book/Notation_3_1.lean,PlanarGradient.tangentCoefficient_apply,ReasLib/Optimization/BFGS/PlanarGradient.lean,pending,proof_unit_id,True,True,record_linkage_not_full_kernel_revalidation
obligation-0023,bfgs,notation_3_1,Book/Notation_3_1.lean,PlanarGradient.angularSeparation_apply,ReasLib/Optimization/BFGS/PlanarGradient.lean,pending,proof_unit_id,True,True,record_linkage_not_full_kernel_revalidation
obligation-0024,bfgs,notation_3_1,Book/Notation_3_1.lean,PlanarGradient.angularSeparation_mem_Icc,ReasLib/Optimization/BFGS/PlanarGradient.lean,pending,proof_unit_id,True,True,record_linkage_not_full_kernel_revalidation
obligation-0025,bfgs,notation_3_1,Book/Notation_3_1.lean,PlanarGradient.scale_apply,ReasLib/Optimization/BFGS/PlanarGradient.lean,pending,proof_unit_id,True,True,record_linkage_not_full_kernel_revalidation
obligation-0026,bfgs,notation_3_1,Book/Notation_3_1.lean,PlanarGradient.next_apply,ReasLib/Optimization/BFGS/PlanarGradient.lean,pending,proof_unit_id,True,True,record_linkage_not_full_kernel_revalidation
obligation-0027,bfgs,lemma_3_1,Book/Lemma_3_1.lean,PlanarGradient.parallelCoefficient_eq_of_preStep,ReasLib/Optimization/BFGS/PlanarGradient/Recurrence.lean,pending,proof_unit_id,True,True,record_linkage_not_full_kernel_revalidation
obligation-0028,bfgs,lemma_3_1,Book/Lemma_3_1.lean,PlanarGradient.tangentCoefficient_eq_areaForm,ReasLib/Optimization/BFGS/PlanarGradient/Recurrence.lean,pending,proof_unit_id,True,True,record_linkage_not_full_kernel_revalidation
obligation-0029,bfgs,lemma_3_1,Book/Lemma_3_1.lean,PlanarGradient.tangentCoefficient_ne_zero,ReasLib/Optimization/BFGS/PlanarGradient/Recurrence.lean,pending,proof_unit_id,True,True,record_linkage_not_full_kernel_revalidation
obligation-0030,bfgs,lemma_3_1,Book/Lemma_3_1.lean,PlanarGradient.abs_coefficientRatio,ReasLib/Optimization/BFGS/PlanarGradient/Recurrence.lean,pending,proof_unit_id,True,True,record_linkage_not_full_kernel_revalidation
obligation-0031,bfgs,lemma_3_1,Book/Lemma_3_1.lean,PlanarGradient.next_candidate_orthogonal,ReasLib/Optimization/BFGS/PlanarGradient/Recurrence.lean,pending,proof_unit_id,True,True,record_linkage_not_full_kernel_revalidation
obligation-0032,bfgs,lemma_3_1,Book/Lemma_3_1.lean,PlanarGradient.next_mem_span,ReasLib/Optimization/BFGS/PlanarGradient/Recurrence.lean,pending,proof_unit_id,True,True,record_linkage_not_full_kernel_revalidation
obligation-0033,bfgs,lemma_3_1,Book/Lemma_3_1.lean,PlanarGradient.next_ne_zero,ReasLib/Optimization/BFGS/PlanarGradient/Recurrence.lean,pending,proof_unit_id,True,True,record_linkage_not_full_kernel_revalidation
obligation-0034,bfgs,lemma_3_1,Book/Lemma_3_1.lean,PlanarGradient.angularSeparation_next,ReasLib/Optimization/BFGS/PlanarGradient/Recurrence.lean,pending,proof_unit_id,True,True,record_linkage_not_full_kernel_revalidation
obligation-0035,bfgs,lemma_3_1,Book/Lemma_3_1.lean,PlanarGradient.abs_tangentCoefficient_eq_next,ReasLib/Optimization/BFGS/PlanarGradient/Recurrence.lean,pending,proof_unit_id,True,True,record_linkage_not_full_kernel_revalidation
obligation-0036,bfgs,derivation_3_1,Book/Derivation_3_1.lean,PlanarGradient.angularSeparation_pos_of_recurrence,ReasLib/Optimization/BFGS/PlanarGradient/SeparationBounds.lean,pending,proof_unit_id,True,True,record_linkage_not_full_kernel_revalidation
obligation-0037,bfgs,derivation_3_1,Book/Derivation_3_1.lean,PlanarGradient.angularSeparation_next_eq_div_norm,ReasLib/Optimization/BFGS/PlanarGradient/SeparationBounds.lean,pending,proof_unit_id,True,True,record_linkage_not_full_kernel_revalidation
obligation-0038,bfgs,derivation_3_1,Book/Derivation_3_1.lean,PlanarGradient.angularSeparation_next_lower_bound,ReasLib/Optimization/BFGS/PlanarGradient/SeparationBounds.lean,pending,proof_unit_id,True,True,record_linkage_not_full_kernel_revalidation
obligation-0039,bfgs,derivation_3_1,Book/Derivation_3_1.lean,PlanarGradient.angularSeparation_prod_lower_bound,ReasLib/Optimization/BFGS/PlanarGradient/SeparationBounds.lean,pending,proof_unit_id,True,True,record_linkage_not_full_kernel_revalidation
obligation-0040,bfgs,derivation_3_1,Book/Derivation_3_1.lean,PlanarGradient.angleLowerBound_apply,ReasLib/Optimization/BFGS/PlanarGradient/SeparationBounds.lean,pending,proof_unit_id,True,True,record_linkage_not_full_kernel_revalidation
obligation-0041,bfgs,derivation_3_1,Book/Derivation_3_1.lean,PlanarGradient.angleLowerBound_pos,ReasLib/Optimization/BFGS/PlanarGradient/SeparationBounds.lean,pending,proof_unit_id,True,True,record_linkage_not_full_kernel_revalidation
obligation-0042,bfgs,derivation_3_1,Book/Derivation_3_1.lean,PlanarGradient.angleLowerBound_le_angularSeparation,ReasLib/Optimization/BFGS/PlanarGradient/SeparationBounds.lean,pending,proof_unit_id,True,True,record_linkage_not_full_kernel_revalidation
obligation-0043,bfgs,derivation_3_1,Book/Derivation_3_1.lean,PlanarGradient.angleLowerBound_le_abs_tangentCoefficient,ReasLib/Optimization/BFGS/PlanarGradient/SeparationBounds.lean,pending,proof_unit_id,True,True,record_linkage_not_full_kernel_revalidation
obligation-0044,bfgs,lemma_3_2,Book/Lemma_3_2.lean,PlanarGradient.exists_alternatingScale,ReasLib/Optimization/BFGS/PlanarGradient/AlternatingScale/Construction.lean,pending,proof_unit_id,True,True,record_linkage_not_full_kernel_revalidation
obligation-0045,bfgs,derivation_3_2,Book/Derivation_3_2.lean,PlanarGradient.exists_nearCancellation,ReasLib/Optimization/BFGS/PlanarGradient/AlternatingScale/StepBounds.lean,pending,proof_unit_id,True,True,record_linkage_not_full_kernel_revalidation
obligation-0046,bfgs,derivation_3_2,Book/Derivation_3_2.lean,PlanarGradient.nearCancellation_abs_mem_Icc,ReasLib/Optimization/BFGS/PlanarGradient/AlternatingScale/StepBounds.lean,pending,proof_unit_id,True,True,record_linkage_not_full_kernel_revalidation
obligation-0047,bfgs,derivation_3_2,Book/Derivation_3_2.lean,PlanarGradient.parallelCoefficient_ne_zero_of_perturbation,ReasLib/Optimization/BFGS/PlanarGradient/AlternatingScale/StepBounds.lean,pending,proof_unit_id,True,True,record_linkage_not_full_kernel_revalidation
obligation-0048,bfgs,derivation_3_2,Book/Derivation_3_2.lean,PlanarGradient.exists_retainingPerturbation,ReasLib/Optimization/BFGS/PlanarGradient/AlternatingScale/StepBounds.lean,pending,proof_unit_id,True,True,record_linkage_not_full_kernel_revalidation
obligation-0049,bfgs,derivation_3_2,Book/Derivation_3_2.lean,PlanarGradient.retainingPerturbation_abs_mem_Icc,ReasLib/Optimization/BFGS/PlanarGradient/AlternatingScale/StepBounds.lean,pending,proof_unit_id,True,True,record_linkage_not_full_kernel_revalidation
obligation-0050,bfgs,derivation_3_2,Book/Derivation_3_2.lean,PlanarGradient.nextCancellationScale_le_min,ReasLib/Optimization/BFGS/PlanarGradient/AlternatingScale/StepBounds.lean,pending,proof_unit_id,True,True,record_linkage_not_full_kernel_revalidation
obligation-0051,bfgs,remark_3_3,Book/Remark_3_3.lean,PlanarGradient.IsAlternatingScale.isSuperlinear,ReasLib/Optimization/BFGS/PlanarGradient/AlternatingScale/Convergence.lean,pending,proof_unit_id,True,True,record_linkage_not_full_kernel_revalidation
obligation-0052,bfgs,remark_3_3,Book/Remark_3_3.lean,PlanarGradient.IsAlternatingScale.order_eq_one,ReasLib/Optimization/BFGS/PlanarGradient/AlternatingScale/Convergence.lean,pending,proof_unit_id,True,True,record_linkage_not_full_kernel_revalidation
obligation-0053,bfgs,lemma_4_1,Book/Lemma_4_1.lean,PlanarGradient.exists_compactlySupportedInterpolation,ReasLib/Optimization/BFGS/PlanarGradient/AlternatingScale/Interpolation.lean,pending,proof_unit_id,True,True,record_linkage_not_full_kernel_revalidation
obligation-0054,bfgs,corollary_5_1,Book/Corollary_5_1.lean,Broyden.IsTrajectory.ofConditions,ReasLib/Optimization/Broyden/Trajectory.lean,pending,proof_unit_id,True,True,record_linkage_not_full_kernel_revalidation
obligation-0055,bfgs,corollary_5_1,Book/Corollary_5_1.lean,Broyden.IsTrajectory.step_spec,ReasLib/Optimization/Broyden/Trajectory.lean,pending,proof_unit_id,True,True,record_linkage_not_full_kernel_revalidation
obligation-0056,bfgs,corollary_5_1,Book/Corollary_5_1.lean,BFGS.IsOrderOneExample.existsBroydenTrajectory,ReasLib/Optimization/BFGS/MinimumQOrder/ConvexBroyden.lean,pending,proof_unit_id,True,True,record_linkage_not_full_kernel_revalidation
obligation-0057,bfgs,corollary_5_1,Book/Corollary_5_1.lean,BFGS.IsOrderOneExample.broydenPoints_eq,ReasLib/Optimization/BFGS/MinimumQOrder/ConvexBroyden.lean,pending,proof_unit_id,True,True,record_linkage_not_full_kernel_revalidation
obligation-0058,bfgs,corollary_5_1,Book/Corollary_5_1.lean,BFGS.IsOrderOneExample.broydenNonterminating,ReasLib/Optimization/BFGS/MinimumQOrder/ConvexBroyden.lean,pending,proof_unit_id,True,True,record_linkage_not_full_kernel_revalidation
obligation-0059,bfgs,corollary_5_1,Book/Corollary_5_1.lean,BFGS.IsOrderOneExample.broydenSuperlinear,ReasLib/Optimization/BFGS/MinimumQOrder/ConvexBroyden.lean,pending,proof_unit_id,True,True,record_linkage_not_full_kernel_revalidation
obligation-0060,bfgs,corollary_5_1,Book/Corollary_5_1.lean,BFGS.IsOrderOneExample.broydenOrder_eq_one,ReasLib/Optimization/BFGS/MinimumQOrder/ConvexBroyden.lean,pending,proof_unit_id,True,True,record_linkage_not_full_kernel_revalidation
obligation-0061,l0-l1,l0l1_revision_theorem_4_2,ProofWork/V7/Theorem_4_2.lean,CompositeOptimization.WarmStartExecution.exists_of_initialization,ReasLib/Optimization/Composite/WarmStartExecution.lean,pending,proof_unit_id,True,True,record_linkage_not_full_kernel_revalidation
obligation-0062,l0-l1,l0l1_revision_theorem_4_3,ProofWork/V7/Theorem_4_3.lean,CompositeOptimization.exists_adaptiveGeometryDrivenSolutionScaleRate,ReasLib/Optimization/Composite/AdaptiveGeometryDrivenConvergence.lean,pending,proof_unit_id,True,True,record_linkage_not_full_kernel_revalidation
obligation-0063,l0-l1,l0l1_revision_corollary_4_4,ProofWork/V7/Corollary_4_4.lean,CompositeOptimization.exists_adaptiveAffineEnvelopeSolutionScaleRate,ReasLib/Optimization/Composite/AdaptiveAffineEnvelope.lean,pending,proof_unit_id,True,True,record_linkage_not_full_kernel_revalidation
obligation-0064,l0-l1,l0l1_revision_corollary_4_4,ProofWork/V7/Corollary_4_4.lean,CompositeOptimization.WarmStartExecution.exists_of_initialization,ReasLib/Optimization/Composite/WarmStartExecution.lean,pending,proof_unit_id,True,True,record_linkage_not_full_kernel_revalidation
obligation-0065,l0-l1,l0l1_revision_corollary_4_4,ProofWork/V7/Corollary_4_4.lean,CompositeOptimization.exists_adaptiveGeometryDrivenSolutionScaleRate,ReasLib/Optimization/Composite/AdaptiveGeometryDrivenConvergence.lean,pending,proof_unit_id,True,True,record_linkage_not_full_kernel_revalidation
obligation-0066,l0-l1,l0l1_revision_theorem_5_2,ProofWork/V7/Theorem_5_2.lean,OracleComplexity.Minimax.complexityLowerBounds,ReasLib/Optimization/Oracle/LowerBounds.lean,pending,proof_unit_id,True,True,record_linkage_not_full_kernel_revalidation
obligation-0067,riemann-surfaces,riemann_surfaces_ch1_section03_lemma_3_3,RiemannSurfaces/Chapter1/Lemma_3_3.lean,ContinuousMap.HomotopyWith.basepointTrack_apply,ReasLib/Topology/Homotopy/Path.lean,pending,proof_unit_id,True,True,record_linkage_not_full_kernel_revalidation
obligation-0068,riemann-surfaces,riemann_surfaces_ch1_section03_lemma_3_3,RiemannSurfaces/Chapter1/Lemma_3_3.lean,Path.Homotopic.reparam,ReasLib/Topology/Homotopy/Path.lean,pending,proof_unit_id,True,True,record_linkage_not_full_kernel_revalidation
obligation-0069,riemann-surfaces,riemann_surfaces_ch1_section03_lemma_3_3,RiemannSurfaces/Chapter1/Lemma_3_3.lean,Path.Homotopic.conjugateOfHomotopyWith,ReasLib/Topology/Homotopy/Path.lean,pending,proof_unit_id,True,True,record_linkage_not_full_kernel_revalidation
obligation-0070,riemann-surfaces,riemann_surfaces_ch1_section03_notation_1_3_extra_3,RiemannSurfaces/Chapter1/Notation_1_3_extra_3.lean,FundamentalGroup.op_mk_trans,ReasLib/AlgebraicTopology/FundamentalGroup.lean,pending,proof_unit_id,True,True,record_linkage_not_full_kernel_revalidation
obligation-0071,riemann-surfaces,riemann_surfaces_ch1_section03_remark_3_9,RiemannSurfaces/Chapter1/Remark_3_9.lean,FundamentalGroup.fundamentalGroupMulEquivOfPath_apply,ReasLib/AlgebraicTopology/FundamentalGroup/Basepoint.lean,pending,proof_unit_id,True,True,record_linkage_not_full_kernel_revalidation
obligation-0072,riemann-surfaces,riemann_surfaces_ch1_section03_remark_3_9,RiemannSurfaces/Chapter1/Remark_3_9.lean,FundamentalGroup.fundamentalGroupMulEquivOfPath_trans_symm,ReasLib/AlgebraicTopology/FundamentalGroup/Basepoint.lean,pending,proof_unit_id,True,True,record_linkage_not_full_kernel_revalidation
obligation-0073,riemann-surfaces,riemann_surfaces_ch1_section03_remark_3_9,RiemannSurfaces/Chapter1/Remark_3_9.lean,FundamentalGroup.fundamentalGroupMulEquivOfPath_trans_symm_toPath,ReasLib/AlgebraicTopology/FundamentalGroup/Basepoint.lean,pending,proof_unit_id,True,True,record_linkage_not_full_kernel_revalidation
obligation-0074,riemann-surfaces,riemann_surfaces_ch1_section03_remark_3_9,RiemannSurfaces/Chapter1/Remark_3_9.lean,FundamentalGroup.fundamentalGroupMulEquivOfPath_eq_of_commutative,ReasLib/AlgebraicTopology/FundamentalGroup/Basepoint.lean,pending,proof_unit_id,True,True,record_linkage_not_full_kernel_revalidation
obligation-0075,riemann-surfaces,riemann_surfaces_ch1_section03_example_3_12,RiemannSurfaces/Chapter1/Example_3_12.lean,StarConvex.isSimplyConnected,ReasLib/Topology/Homotopy/Convex.lean,pending,proof_unit_id,True,True,record_linkage_not_full_kernel_revalidation
obligation-0076,riemann-surfaces,riemann_surfaces_ch1_section03_example_3_12,RiemannSurfaces/Chapter1/Example_3_12.lean,Metric.isSimplyConnected_ball,ReasLib/Topology/Homotopy/Convex.lean,pending,proof_unit_id,True,True,record_linkage_not_full_kernel_revalidation
obligation-0077,riemann-surfaces,riemann_surfaces_ch1_section03_example_3_12,RiemannSurfaces/Chapter1/Example_3_12.lean,Complex.isSimplyConnected_slitPlane,ReasLib/Complex/Topology.lean,pending,proof_unit_id,True,True,record_linkage_not_full_kernel_revalidation
obligation-0078,riemann-surfaces,riemann_surfaces_ch1_section03_example_3_12,RiemannSurfaces/Chapter1/Example_3_12.lean,Complex.isSimplyConnected_compl_Ici_zero,ReasLib/Complex/Topology.lean,pending,proof_unit_id,True,True,record_linkage_not_full_kernel_revalidation
obligation-0079,riemann-surfaces,riemann_surfaces_ch1_section03_example_3_12,RiemannSurfaces/Chapter1/Example_3_12.lean,RiemannSphere.instSimplyConnectedSpace,ReasLib/Geometry/Manifold/Complex/RiemannSphere/SimplyConnected.lean,pending,proof_unit_id,True,True,record_linkage_not_full_kernel_revalidation
obligation-0080,riemann-surfaces,riemann_surfaces_ch1_section03_definition_3_13,RiemannSurfaces/Chapter1/Definition_3_13.lean,Path.freeHomotopic_iff,ReasLib/Topology/Homotopy/Free.lean,pending,proof_unit_id,True,True,record_linkage_not_full_kernel_revalidation
obligation-0081,riemann-surfaces,riemann_surfaces_ch1_section03_definition_3_13,RiemannSurfaces/Chapter1/Definition_3_13.lean,Path.FreeHomotopic.refl,ReasLib/Topology/Homotopy/Free.lean,pending,proof_unit_id,True,True,record_linkage_not_full_kernel_revalidation
obligation-0082,riemann-surfaces,riemann_surfaces_ch1_section03_definition_3_13,RiemannSurfaces/Chapter1/Definition_3_13.lean,Path.FreeHomotopic.symm,ReasLib/Topology/Homotopy/Free.lean,pending,proof_unit_id,True,True,record_linkage_not_full_kernel_revalidation
obligation-0083,riemann-surfaces,riemann_surfaces_ch1_section03_definition_3_13,RiemannSurfaces/Chapter1/Definition_3_13.lean,Path.FreeHomotopic.trans,ReasLib/Topology/Homotopy/Free.lean,pending,proof_unit_id,True,True,record_linkage_not_full_kernel_revalidation
obligation-0084,riemann-surfaces,riemann_surfaces_ch1_section03_definition_3_13,RiemannSurfaces/Chapter1/Definition_3_13.lean,Path.FreeHomotopic.homotopic,ReasLib/Topology/Homotopy/Free.lean,pending,proof_unit_id,True,True,record_linkage_not_full_kernel_revalidation
obligation-0085,riemann-surfaces,riemann_surfaces_ch1_section03_definition_3_13,RiemannSurfaces/Chapter1/Definition_3_13.lean,Path.FreeHomotopic.map,ReasLib/Topology/Homotopy/Free.lean,pending,proof_unit_id,True,True,record_linkage_not_full_kernel_revalidation
obligation-0086,riemann-surfaces,riemann_surfaces_ch1_section03_remark_1_3_extra_5,RiemannSurfaces/Chapter1/Remark_1_3_extra_5.lean,ContinuousMap.HomotopyWith.basepointTrack_apply,ReasLib/Topology/Homotopy/Path.lean,pending,proof_unit_id,True,True,record_linkage_not_full_kernel_revalidation
obligation-0087,riemann-surfaces,riemann_surfaces_ch1_section03_remark_1_3_extra_5,RiemannSurfaces/Chapter1/Remark_1_3_extra_5.lean,Path.Homotopic.reparam,ReasLib/Topology/Homotopy/Path.lean,pending,proof_unit_id,True,True,record_linkage_not_full_kernel_revalidation
obligation-0088,riemann-surfaces,riemann_surfaces_ch1_section03_remark_1_3_extra_5,RiemannSurfaces/Chapter1/Remark_1_3_extra_5.lean,Path.Homotopic.conjugateOfHomotopyWith,ReasLib/Topology/Homotopy/Path.lean,pending,proof_unit_id,True,True,record_linkage_not_full_kernel_revalidation
obligation-0089,riemann-surfaces,riemann_surfaces_ch1_section03_theorem_3_14,RiemannSurfaces/Chapter1/Theorem_3_14.lean,Path.freeHomotopic_iff,ReasLib/Topology/Homotopy/Free.lean,pending,proof_unit_id,True,True,record_linkage_not_full_kernel_revalidation
obligation-0090,riemann-surfaces,riemann_surfaces_ch1_section03_theorem_3_14,RiemannSurfaces/Chapter1/Theorem_3_14.lean,Path.FreeHomotopic.refl,ReasLib/Topology/Homotopy/Free.lean,pending,proof_unit_id,True,True,record_linkage_not_full_kernel_revalidation
obligation-0091,riemann-surfaces,riemann_surfaces_ch1_section03_theorem_3_14,RiemannSurfaces/Chapter1/Theorem_3_14.lean,Path.FreeHomotopic.symm,ReasLib/Topology/Homotopy/Free.lean,pending,proof_unit_id,True,True,record_linkage_not_full_kernel_revalidation
obligation-0092,riemann-surfaces,riemann_surfaces_ch1_section03_theorem_3_14,RiemannSurfaces/Chapter1/Theorem_3_14.lean,Path.FreeHomotopic.trans,ReasLib/Topology/Homotopy/Free.lean,pending,proof_unit_id,True,True,record_linkage_not_full_kernel_revalidation
obligation-0093,riemann-surfaces,riemann_surfaces_ch1_section03_theorem_3_14,RiemannSurfaces/Chapter1/Theorem_3_14.lean,Path.FreeHomotopic.homotopic,ReasLib/Topology/Homotopy/Free.lean,pending,proof_unit_id,True,True,record_linkage_not_full_kernel_revalidation
obligation-0094,riemann-surfaces,riemann_surfaces_ch1_section03_theorem_3_14,RiemannSurfaces/Chapter1/Theorem_3_14.lean,Path.FreeHomotopic.map,ReasLib/Topology/Homotopy/Free.lean,pending,proof_unit_id,True,True,record_linkage_not_full_kernel_revalidation
obligation-0095,riemann-surfaces,riemann_surfaces_ch1_section03_theorem_3_14,RiemannSurfaces/Chapter1/Theorem_3_14.lean,simplyConnectedSpace_iff_closedCurvesFreeHomotopic,ReasLib/Topology/Homotopy/SimplyConnected.lean,pending,proof_unit_id,True,True,record_linkage_not_full_kernel_revalidation
obligation-0096,riemann-surfaces,riemann_surfaces_ch1_section03_theorem_3_14,RiemannSurfaces/Chapter1/Theorem_3_14.lean,IsSimplyConnected.union_of_isOpen,ReasLib/Topology/Homotopy/SimplyConnected.lean,pending,proof_unit_id,True,True,record_linkage_not_full_kernel_revalidation
obligation-0097,riemann-surfaces,riemann_surfaces_ch1_section03_remark_3_15,RiemannSurfaces/Chapter1/Remark_3_15.lean,FundamentalGroup.op_mk_trans,ReasLib/AlgebraicTopology/FundamentalGroup.lean,pending,proof_unit_id,True,True,record_linkage_not_full_kernel_revalidation
obligation-0098,riemann-surfaces,riemann_surfaces_ch1_section03_remark_3_15,RiemannSurfaces/Chapter1/Remark_3_15.lean,FundamentalGroup.mapOfEq_eq_of_homotopicRel,ReasLib/AlgebraicTopology/FundamentalGroup.lean,pending,proof_unit_id,True,True,record_linkage_not_full_kernel_revalidation
obligation-0099,riemann-surfaces,riemann_surfaces_ch1_section03_remark_3_15,RiemannSurfaces/Chapter1/Remark_3_15.lean,FundamentalGroup.map_comp,ReasLib/AlgebraicTopology/FundamentalGroup.lean,pending,proof_unit_id,True,True,record_linkage_not_full_kernel_revalidation
obligation-0100,riemann-surfaces,riemann_surfaces_ch1_section03_exercise_3_1,RiemannSurfaces/Chapter1/Exercise_3_1.lean,simplyConnectedSpace_iff_closedCurvesFreeHomotopic,ReasLib/Topology/Homotopy/SimplyConnected.lean,pending,proof_unit_id,True,True,record_linkage_not_full_kernel_revalidation
obligation-0101,riemann-surfaces,riemann_surfaces_ch1_section03_exercise_3_1,RiemannSurfaces/Chapter1/Exercise_3_1.lean,IsSimplyConnected.union_of_isOpen,ReasLib/Topology/Homotopy/SimplyConnected.lean,pending,proof_unit_id,True,True,record_linkage_not_full_kernel_revalidation
obligation-0102,riemann-surfaces,riemann_surfaces_ch1_section03_exercise_3_1,RiemannSurfaces/Chapter1/Exercise_3_1.lean,Metric.isSimplyConnected_sphere,ReasLib/Topology/Homotopy/Sphere.lean,pending,proof_unit_id,True,True,record_linkage_not_full_kernel_revalidation
obligation-0103,riemann-surfaces,riemann_surfaces_ch1_section03_exercise_3_3,RiemannSurfaces/Chapter1/Exercise_3_3.lean,FundamentalGroup.op_mk_trans,ReasLib/AlgebraicTopology/FundamentalGroup.lean,pending,proof_unit_id,True,True,record_linkage_not_full_kernel_revalidation
obligation-0104,riemann-surfaces,riemann_surfaces_ch1_section03_exercise_3_3,RiemannSurfaces/Chapter1/Exercise_3_3.lean,FundamentalGroup.mapOfEq_eq_of_homotopicRel,ReasLib/AlgebraicTopology/FundamentalGroup.lean,pending,proof_unit_id,True,True,record_linkage_not_full_kernel_revalidation
obligation-0105,riemann-surfaces,riemann_surfaces_ch1_section03_exercise_3_2,RiemannSurfaces/Chapter1/Exercise_3_2.lean,FundamentalGroup.prodProjectionHom_apply,ReasLib/AlgebraicTopology/FundamentalGroup/Product.lean,pending,proof_unit_id,True,True,record_linkage_not_full_kernel_revalidation
obligation-0106,riemann-surfaces,riemann_surfaces_ch1_section03_exercise_3_2,RiemannSurfaces/Chapter1/Exercise_3_2.lean,FundamentalGroup.prodPathHom_apply,ReasLib/AlgebraicTopology/FundamentalGroup/Product.lean,pending,proof_unit_id,True,True,record_linkage_not_full_kernel_revalidation
obligation-0107,riemann-surfaces,riemann_surfaces_ch1_section03_exercise_3_2,RiemannSurfaces/Chapter1/Exercise_3_2.lean,FundamentalGroup.prodPathHom_leftInverse,ReasLib/AlgebraicTopology/FundamentalGroup/Product.lean,pending,proof_unit_id,True,True,record_linkage_not_full_kernel_revalidation
obligation-0108,riemann-surfaces,riemann_surfaces_ch1_section03_exercise_3_2,RiemannSurfaces/Chapter1/Exercise_3_2.lean,FundamentalGroup.prodPathHom_rightInverse,ReasLib/AlgebraicTopology/FundamentalGroup/Product.lean,pending,proof_unit_id,True,True,record_linkage_not_full_kernel_revalidation
obligation-0109,riemann-surfaces,riemann_surfaces_ch1_section03_exercise_3_2,RiemannSurfaces/Chapter1/Exercise_3_2.lean,FundamentalGroup.prodMulEquiv_apply,ReasLib/AlgebraicTopology/FundamentalGroup/Product.lean,pending,proof_unit_id,True,True,record_linkage_not_full_kernel_revalidation
obligation-0110,riemann-surfaces,riemann_surfaces_ch1_section03_exercise_3_2,RiemannSurfaces/Chapter1/Exercise_3_2.lean,FundamentalGroup.prodMulEquiv_symm_apply,ReasLib/AlgebraicTopology/FundamentalGroup/Product.lean,pending,proof_unit_id,True,True,record_linkage_not_full_kernel_revalidation
obligation-0111,admm,definition_4_1_5,GlowinskiADMM/definition_4_1_5.lean,ConsensusADMM.Period48.gammaZero_eq,ReasLib/ConsensusADMM/Period48/GramMatrix.lean,pending,proof_unit_id,True,True,record_linkage_not_full_kernel_revalidation
obligation-0112,admm,definition_4_1_5,GlowinskiADMM/definition_4_1_5.lean,ConsensusADMM.Period48.sigma_eq,ReasLib/ConsensusADMM/Period48/GramMatrix.lean,pending,proof_unit_id,True,True,record_linkage_not_full_kernel_revalidation
obligation-0113,admm,definition_4_1_5,GlowinskiADMM/definition_4_1_5.lean,ConsensusADMM.Period48.alternating_apply,ReasLib/ConsensusADMM/Period48/GramMatrix.lean,pending,proof_unit_id,True,True,record_linkage_not_full_kernel_revalidation
obligation-0114,admm,definition_4_1_5,GlowinskiADMM/definition_4_1_5.lean,ConsensusADMM.Period48.perturbationVector_apply,ReasLib/ConsensusADMM/Period48/GramMatrix.lean,pending,proof_unit_id,True,True,record_linkage_not_full_kernel_revalidation
obligation-0115,admm,definition_4_1_5,GlowinskiADMM/definition_4_1_5.lean,ConsensusADMM.Period48.gramMatrix_apply,ReasLib/ConsensusADMM/Period48/GramMatrix.lean,pending,proof_unit_id,True,True,record_linkage_not_full_kernel_revalidation
obligation-0116,admm,definition_4_1_5,GlowinskiADMM/definition_4_1_5.lean,ConsensusADMM.Period48.gramMatrix_isSymm,ReasLib/ConsensusADMM/Period48/GramMatrix.lean,pending,proof_unit_id,True,True,record_linkage_not_full_kernel_revalidation
obligation-0117,admm,definition_4_1_5,GlowinskiADMM/definition_4_1_5.lean,ConsensusADMM.Period48.alternatingEta_apply,ReasLib/ConsensusADMM/Period48/GramMatrix.lean,pending,proof_unit_id,True,True,record_linkage_not_full_kernel_revalidation
obligation-0118,admm,definition_4_1_5,GlowinskiADMM/definition_4_1_5.lean,ConsensusADMM.Period48.alternatingResidual_apply,ReasLib/ConsensusADMM/Period48/GramMatrix.lean,pending,proof_unit_id,True,True,record_linkage_not_full_kernel_revalidation
obligation-0119,admm,definition_4_1_5,GlowinskiADMM/definition_4_1_5.lean,ConsensusADMM.Period48.alternatingVertex_apply,ReasLib/ConsensusADMM/Period48/GramMatrix.lean,pending,proof_unit_id,True,True,record_linkage_not_full_kernel_revalidation
obligation-0120,admm,definition_4_1_5,GlowinskiADMM/definition_4_1_5.lean,ConsensusADMM.Period48.alternatingFirstNormal_apply,ReasLib/ConsensusADMM/Period48/GramMatrix.lean,pending,proof_unit_id,True,True,record_linkage_not_full_kernel_revalidation
obligation-0121,admm,definition_4_1_5,GlowinskiADMM/definition_4_1_5.lean,ConsensusADMM.Period48.alternatingSecondNormal_apply,ReasLib/ConsensusADMM/Period48/GramMatrix.lean,pending,proof_unit_id,True,True,record_linkage_not_full_kernel_revalidation
obligation-0122,admm,definition_4_1_5,GlowinskiADMM/definition_4_1_5.lean,ConsensusADMM.Period48.alternatingSupport_odd,ReasLib/ConsensusADMM/Period48/GramMatrix.lean,pending,proof_unit_id,True,True,record_linkage_not_full_kernel_revalidation
obligation-0123,admm,definition_4_1_5,GlowinskiADMM/definition_4_1_5.lean,ConsensusADMM.Period48.alternatingSupport_even,ReasLib/ConsensusADMM/Period48/GramMatrix.lean,pending,proof_unit_id,True,True,record_linkage_not_full_kernel_revalidation
obligation-0124,admm,definition_4_1_5,GlowinskiADMM/definition_4_1_5.lean,ConsensusADMM.Period48.alternatingOriginSupport_eq,ReasLib/ConsensusADMM/Period48/GramMatrix.lean,pending,proof_unit_id,True,True,record_linkage_not_full_kernel_revalidation
obligation-0125,admm,proposition_4_1_6,GlowinskiADMM/proposition_4_1_6.lean,ConsensusADMM.Period48.FixedPolytopes.gramMatrix_posDef,ReasLib/ConsensusADMM/Period48/FixedPolytopes.lean,pending,proof_unit_id,True,True,record_linkage_not_full_kernel_revalidation
obligation-0126,admm,proposition_4_1_6,GlowinskiADMM/proposition_4_1_6.lean,ConsensusADMM.Period48.FixedPolytopes.xSet_ySet_isCompactConvexPolytope,ReasLib/ConsensusADMM/Period48/FixedPolytopes.lean,pending,proof_unit_id,True,True,record_linkage_not_full_kernel_revalidation
obligation-0127,admm,proposition_4_1_6,GlowinskiADMM/proposition_4_1_6.lean,ConsensusADMM.Period48.FixedPolytopes.xSet_ySet_eq,ReasLib/ConsensusADMM/Period48/FixedPolytopes.lean,pending,proof_unit_id,True,True,record_linkage_not_full_kernel_revalidation
obligation-0128,admm,proposition_4_1_6,GlowinskiADMM/proposition_4_1_6.lean,ConsensusADMM.Period48.FixedPolytopes.isProjectionCycle,ReasLib/ConsensusADMM/Period48/FixedPolytopes.lean,pending,proof_unit_id,True,True,record_linkage_not_full_kernel_revalidation
obligation-0129,admm,proposition_4_1_6,GlowinskiADMM/proposition_4_1_6.lean,ConsensusADMM.Period48.FixedPolytopes.trajectory_exactPeriod,ReasLib/ConsensusADMM/Period48/FixedPolytopes.lean,pending,proof_unit_id,True,True,record_linkage_not_full_kernel_revalidation
obligation-0130,admm,proposition_4_1_6,GlowinskiADMM/proposition_4_1_6.lean,ConsensusADMM.Period48.FixedPolytopes.constantPositiveResidual,ReasLib/ConsensusADMM/Period48/FixedPolytopes.lean,pending,proof_unit_id,True,True,record_linkage_not_full_kernel_revalidation
obligation-0131,admm,proposition_4_1_6,GlowinskiADMM/proposition_4_1_6.lean,ConsensusADMM.Period48.FixedPolytopes.secondSupports_strict,ReasLib/ConsensusADMM/Period48/FixedPolytopes.lean,pending,proof_unit_id,True,True,record_linkage_not_full_kernel_revalidation
obligation-0132,admm,proposition_4_1_6,GlowinskiADMM/proposition_4_1_6.lean,ConsensusADMM.Period48.FixedPolytopes.firstSupports_zero_iff,ReasLib/ConsensusADMM/Period48/FixedPolytopes.lean,pending,proof_unit_id,True,True,record_linkage_not_full_kernel_revalidation
obligation-0133,admm,proposition_4_1_6,GlowinskiADMM/proposition_4_1_6.lean,ConsensusADMM.Period48.Realization.eta_apply,ReasLib/ConsensusADMM/Period48/Realization.lean,pending,proof_unit_id,True,True,record_linkage_not_full_kernel_revalidation
obligation-0134,admm,proposition_4_1_6,GlowinskiADMM/proposition_4_1_6.lean,ConsensusADMM.Period48.Realization.w_apply,ReasLib/ConsensusADMM/Period48/Realization.lean,pending,proof_unit_id,True,True,record_linkage_not_full_kernel_revalidation
obligation-0135,admm,proposition_4_1_6,GlowinskiADMM/proposition_4_1_6.lean,ConsensusADMM.Period48.Realization.rho_apply,ReasLib/ConsensusADMM/Period48/Realization.lean,pending,proof_unit_id,True,True,record_linkage_not_full_kernel_revalidation
obligation-0136,admm,proposition_4_1_6,GlowinskiADMM/proposition_4_1_6.lean,ConsensusADMM.Period48.Realization.xi_apply,ReasLib/ConsensusADMM/Period48/Realization.lean,pending,proof_unit_id,True,True,record_linkage_not_full_kernel_revalidation
obligation-0137,admm,proposition_4_1_6,GlowinskiADMM/proposition_4_1_6.lean,ConsensusADMM.Period48.Realization.nu_apply,ReasLib/ConsensusADMM/Period48/Realization.lean,pending,proof_unit_id,True,True,record_linkage_not_full_kernel_revalidation
obligation-0138,admm,proposition_4_1_6,GlowinskiADMM/proposition_4_1_6.lean,ConsensusADMM.Period48.Realization.xSet_def,ReasLib/ConsensusADMM/Period48/Realization.lean,pending,proof_unit_id,True,True,record_linkage_not_full_kernel_revalidation
obligation-0139,admm,proposition_4_1_6,GlowinskiADMM/proposition_4_1_6.lean,ConsensusADMM.Period48.Realization.ySet_def,ReasLib/ConsensusADMM/Period48/Realization.lean,pending,proof_unit_id,True,True,record_linkage_not_full_kernel_revalidation
obligation-0140,admm,proposition_4_1_6,GlowinskiADMM/proposition_4_1_6.lean,ConsensusADMM.Period48.Realization.w_mulVec,ReasLib/ConsensusADMM/Period48/Realization.lean,pending,proof_unit_id,True,True,record_linkage_not_full_kernel_revalidation
obligation-0141,admm,proposition_4_1_6,GlowinskiADMM/proposition_4_1_6.lean,ConsensusADMM.Period48.Realization.rho_mulVec,ReasLib/ConsensusADMM/Period48/Realization.lean,pending,proof_unit_id,True,True,record_linkage_not_full_kernel_revalidation
obligation-0142,admm,proposition_4_1_6,GlowinskiADMM/proposition_4_1_6.lean,ConsensusADMM.Period48.Realization.xi_mulVec,ReasLib/ConsensusADMM/Period48/Realization.lean,pending,proof_unit_id,True,True,record_linkage_not_full_kernel_revalidation
obligation-0143,admm,proposition_4_1_6,GlowinskiADMM/proposition_4_1_6.lean,ConsensusADMM.Period48.Realization.inner_mulVec,ReasLib/ConsensusADMM/Period48/Realization.lean,pending,proof_unit_id,True,True,record_linkage_not_full_kernel_revalidation
obligation-0144,admm,proposition_4_1_6,GlowinskiADMM/proposition_4_1_6.lean,ConsensusADMM.Period48.Realization.residual_eq,ReasLib/ConsensusADMM/Period48/Realization.lean,pending,proof_unit_id,True,True,record_linkage_not_full_kernel_revalidation
obligation-0145,admm,proposition_4_1_6,GlowinskiADMM/proposition_4_1_6.lean,ConsensusADMM.Period48.Realization.xVertex_eq,ReasLib/ConsensusADMM/Period48/Realization.lean,pending,proof_unit_id,True,True,record_linkage_not_full_kernel_revalidation
obligation-0146,admm,proposition_4_1_6,GlowinskiADMM/proposition_4_1_6.lean,ConsensusADMM.Period48.Realization.firstNormal_eq,ReasLib/ConsensusADMM/Period48/Realization.lean,pending,proof_unit_id,True,True,record_linkage_not_full_kernel_revalidation
obligation-0147,admm,proposition_4_1_6,GlowinskiADMM/proposition_4_1_6.lean,ConsensusADMM.Period48.Realization.secondNormal_eq,ReasLib/ConsensusADMM/Period48/Realization.lean,pending,proof_unit_id,True,True,record_linkage_not_full_kernel_revalidation
obligation-0148,admm,algorithm_9_1_2,GlowinskiADMM/algorithm_9_1_2.lean,ConsensusADMM.Period48.j0_apply,ReasLib/ConsensusADMM/Period48/J0.lean,pending,proof_unit_id,True,True,record_linkage_not_full_kernel_revalidation
obligation-0149,admm,algorithm_9_1_2,GlowinskiADMM/algorithm_9_1_2.lean,ConsensusADMM.Period48.j0_blocks,ReasLib/ConsensusADMM/Period48/J0.lean,pending,proof_unit_id,True,True,record_linkage_not_full_kernel_revalidation
obligation-0150,admm,algorithm_9_1_2,GlowinskiADMM/algorithm_9_1_2.lean,ConsensusADMM.Period48.j0_isSymm,ReasLib/ConsensusADMM/Period48/J0.lean,pending,proof_unit_id,True,True,record_linkage_not_full_kernel_revalidation
obligation-0151,admm,algorithm_9_1_2,GlowinskiADMM/algorithm_9_1_2.lean,ConsensusADMM.Period48.FractionFree.stage_zero,ReasLib/ConsensusADMM/Period48/Definiteness.lean,pending,proof_unit_id,True,True,record_linkage_not_full_kernel_revalidation
obligation-0152,admm,algorithm_9_1_2,GlowinskiADMM/algorithm_9_1_2.lean,ConsensusADMM.Period48.FractionFree.stage_succ_apply,ReasLib/ConsensusADMM/Period48/Definiteness.lean,pending,proof_unit_id,True,True,record_linkage_not_full_kernel_revalidation
obligation-0153,admm,algorithm_9_1_2,GlowinskiADMM/algorithm_9_1_2.lean,ConsensusADMM.Period48.FractionFree.previousPivot_zero,ReasLib/ConsensusADMM/Period48/Definiteness.lean,pending,proof_unit_id,True,True,record_linkage_not_full_kernel_revalidation
obligation-0154,admm,algorithm_9_1_2,GlowinskiADMM/algorithm_9_1_2.lean,ConsensusADMM.Period48.FractionFree.previousPivot_succ,ReasLib/ConsensusADMM/Period48/Definiteness.lean,pending,proof_unit_id,True,True,record_linkage_not_full_kernel_revalidation
obligation-0155,admm,algorithm_9_1_2,GlowinskiADMM/algorithm_9_1_2.lean,ConsensusADMM.Period48.FractionFree.pivot_apply,ReasLib/ConsensusADMM/Period48/Definiteness.lean,pending,proof_unit_id,True,True,record_linkage_not_full_kernel_revalidation
obligation-0156,admm,algorithm_9_1_2,GlowinskiADMM/algorithm_9_1_2.lean,ConsensusADMM.Period48.FractionFree.principal_apply,ReasLib/ConsensusADMM/Period48/Definiteness.lean,pending,proof_unit_id,True,True,record_linkage_not_full_kernel_revalidation
obligation-0157,admm,algorithm_9_1_2,GlowinskiADMM/algorithm_9_1_2.lean,ConsensusADMM.Period48.FractionFree.previousPivot_dvd_update,ReasLib/ConsensusADMM/Period48/Definiteness.lean,pending,proof_unit_id,True,True,record_linkage_not_full_kernel_revalidation
obligation-0158,admm,algorithm_9_1_2,GlowinskiADMM/algorithm_9_1_2.lean,ConsensusADMM.Period48.FractionFree.pivot_eq_det,ReasLib/ConsensusADMM/Period48/Definiteness.lean,pending,proof_unit_id,True,True,record_linkage_not_full_kernel_revalidation
obligation-0159,admm,algorithm_9_1_2,GlowinskiADMM/algorithm_9_1_2.lean,ConsensusADMM.Period48.FractionFree.one_le_pivot,ReasLib/ConsensusADMM/Period48/Definiteness.lean,pending,proof_unit_id,True,True,record_linkage_not_full_kernel_revalidation
obligation-0160,admm,algorithm_9_1_2,GlowinskiADMM/algorithm_9_1_2.lean,ConsensusADMM.Period48.j0_posDef,ReasLib/ConsensusADMM/Period48/Definiteness.lean,pending,proof_unit_id,True,True,record_linkage_not_full_kernel_revalidation
obligation-0161,admm,algorithm_9_1_3,GlowinskiADMM/algorithm_9_1_3.lean,ConsensusADMM.Period48.gammaZero_eq,ReasLib/ConsensusADMM/Period48/GramMatrix.lean,pending,proof_unit_id,True,True,record_linkage_not_full_kernel_revalidation
obligation-0162,admm,algorithm_9_1_3,GlowinskiADMM/algorithm_9_1_3.lean,ConsensusADMM.Period48.sigma_eq,ReasLib/ConsensusADMM/Period48/GramMatrix.lean,pending,proof_unit_id,True,True,record_linkage_not_full_kernel_revalidation
obligation-0163,admm,algorithm_9_1_3,GlowinskiADMM/algorithm_9_1_3.lean,ConsensusADMM.Period48.alternating_apply,ReasLib/ConsensusADMM/Period48/GramMatrix.lean,pending,proof_unit_id,True,True,record_linkage_not_full_kernel_revalidation
obligation-0164,admm,algorithm_9_1_3,GlowinskiADMM/algorithm_9_1_3.lean,ConsensusADMM.Period48.perturbationVector_apply,ReasLib/ConsensusADMM/Period48/GramMatrix.lean,pending,proof_unit_id,True,True,record_linkage_not_full_kernel_revalidation
obligation-0165,admm,algorithm_9_1_3,GlowinskiADMM/algorithm_9_1_3.lean,ConsensusADMM.Period48.gramMatrix_apply,ReasLib/ConsensusADMM/Period48/GramMatrix.lean,pending,proof_unit_id,True,True,record_linkage_not_full_kernel_revalidation
obligation-0166,admm,algorithm_9_1_3,GlowinskiADMM/algorithm_9_1_3.lean,ConsensusADMM.Period48.gramMatrix_isSymm,ReasLib/ConsensusADMM/Period48/GramMatrix.lean,pending,proof_unit_id,True,True,record_linkage_not_full_kernel_revalidation
obligation-0167,admm,algorithm_9_1_3,GlowinskiADMM/algorithm_9_1_3.lean,ConsensusADMM.Period48.alternatingEta_apply,ReasLib/ConsensusADMM/Period48/GramMatrix.lean,pending,proof_unit_id,True,True,record_linkage_not_full_kernel_revalidation
obligation-0168,admm,algorithm_9_1_3,GlowinskiADMM/algorithm_9_1_3.lean,ConsensusADMM.Period48.alternatingResidual_apply,ReasLib/ConsensusADMM/Period48/GramMatrix.lean,pending,proof_unit_id,True,True,record_linkage_not_full_kernel_revalidation
obligation-0169,admm,algorithm_9_1_3,GlowinskiADMM/algorithm_9_1_3.lean,ConsensusADMM.Period48.alternatingVertex_apply,ReasLib/ConsensusADMM/Period48/GramMatrix.lean,pending,proof_unit_id,True,True,record_linkage_not_full_kernel_revalidation
obligation-0170,admm,algorithm_9_1_3,GlowinskiADMM/algorithm_9_1_3.lean,ConsensusADMM.Period48.alternatingFirstNormal_apply,ReasLib/ConsensusADMM/Period48/GramMatrix.lean,pending,proof_unit_id,True,True,record_linkage_not_full_kernel_revalidation
obligation-0171,admm,algorithm_9_1_3,GlowinskiADMM/algorithm_9_1_3.lean,ConsensusADMM.Period48.alternatingSecondNormal_apply,ReasLib/ConsensusADMM/Period48/GramMatrix.lean,pending,proof_unit_id,True,True,record_linkage_not_full_kernel_revalidation
obligation-0172,admm,algorithm_9_1_3,GlowinskiADMM/algorithm_9_1_3.lean,ConsensusADMM.Period48.alternatingSupport_odd,ReasLib/ConsensusADMM/Period48/GramMatrix.lean,pending,proof_unit_id,True,True,record_linkage_not_full_kernel_revalidation
obligation-0173,admm,algorithm_9_1_3,GlowinskiADMM/algorithm_9_1_3.lean,ConsensusADMM.Period48.alternatingSupport_even,ReasLib/ConsensusADMM/Period48/GramMatrix.lean,pending,proof_unit_id,True,True,record_linkage_not_full_kernel_revalidation
obligation-0174,admm,algorithm_9_1_3,GlowinskiADMM/algorithm_9_1_3.lean,ConsensusADMM.Period48.alternatingOriginSupport_eq,ReasLib/ConsensusADMM/Period48/GramMatrix.lean,pending,proof_unit_id,True,True,record_linkage_not_full_kernel_revalidation
obligation-0175,admm,algorithm_9_1_3,GlowinskiADMM/algorithm_9_1_3.lean,ConsensusADMM.Period48.Coefficient.support_def,ReasLib/ConsensusADMM/Period48/Coefficient.lean,pending,proof_unit_id,True,True,record_linkage_not_full_kernel_revalidation
obligation-0176,admm,algorithm_9_1_3,GlowinskiADMM/algorithm_9_1_3.lean,ConsensusADMM.Period48.Coefficient.supportCyclic,ReasLib/ConsensusADMM/Period48/Coefficient.lean,pending,proof_unit_id,True,True,record_linkage_not_full_kernel_revalidation
obligation-0177,admm,algorithm_9_1_3,GlowinskiADMM/algorithm_9_1_3.lean,ConsensusADMM.Period48.Coefficient.phaseZeroTest_card,ReasLib/ConsensusADMM/Period48/Coefficient.lean,pending,proof_unit_id,True,True,record_linkage_not_full_kernel_revalidation
obligation-0178,admm,algorithm_9_1_3,GlowinskiADMM/algorithm_9_1_3.lean,ConsensusADMM.Period48.Coefficient.supportTest_card,ReasLib/ConsensusADMM/Period48/Coefficient.lean,pending,proof_unit_id,True,True,record_linkage_not_full_kernel_revalidation
obligation-0179,admm,algorithm_9_1_3,GlowinskiADMM/algorithm_9_1_3.lean,ConsensusADMM.Period48.Coefficient.support_affine,ReasLib/ConsensusADMM/Period48/Coefficient.lean,pending,proof_unit_id,True,True,record_linkage_not_full_kernel_revalidation
obligation-0180,admm,algorithm_9_1_3,GlowinskiADMM/algorithm_9_1_3.lean,ConsensusADMM.Period48.Coefficient.firstSlopeBound,ReasLib/ConsensusADMM/Period48/Coefficient.lean,pending,proof_unit_id,True,True,record_linkage_not_full_kernel_revalidation
obligation-0181,admm,algorithm_9_1_3,GlowinskiADMM/algorithm_9_1_3.lean,ConsensusADMM.Period48.Coefficient.secondSlopeBound,ReasLib/ConsensusADMM/Period48/Coefficient.lean,pending,proof_unit_id,True,True,record_linkage_not_full_kernel_revalidation
obligation-0182,admm,algorithm_9_1_3,GlowinskiADMM/algorithm_9_1_3.lean,ConsensusADMM.Period48.Coefficient.firstValueBound,ReasLib/ConsensusADMM/Period48/Coefficient.lean,pending,proof_unit_id,True,True,record_linkage_not_full_kernel_revalidation
obligation-0183,admm,algorithm_9_1_3,GlowinskiADMM/algorithm_9_1_3.lean,ConsensusADMM.Period48.Coefficient.secondValueBound,ReasLib/ConsensusADMM/Period48/Coefficient.lean,pending,proof_unit_id,True,True,record_linkage_not_full_kernel_revalidation
obligation-0184,admm,algorithm_9_1_3,GlowinskiADMM/algorithm_9_1_3.lean,ConsensusADMM.Period48.Coefficient.activeSupport,ReasLib/ConsensusADMM/Period48/Coefficient.lean,pending,proof_unit_id,True,True,record_linkage_not_full_kernel_revalidation
obligation-0185,admm,algorithm_9_1_3,GlowinskiADMM/algorithm_9_1_3.lean,ConsensusADMM.Period48.Coefficient.allSupportsNonneg,ReasLib/ConsensusADMM/Period48/Coefficient.lean,pending,proof_unit_id,True,True,record_linkage_not_full_kernel_revalidation
obligation-0186,admm,algorithm_9_1_3,GlowinskiADMM/algorithm_9_1_3.lean,ConsensusADMM.Period48.Coefficient.support_nonneg_iff_pairing,ReasLib/ConsensusADMM/Period48/Coefficient.lean,pending,proof_unit_id,True,True,record_linkage_not_full_kernel_revalidation
obligation-0187,admm,algorithm_9_1_3,GlowinskiADMM/algorithm_9_1_3.lean,ConsensusADMM.Period48.Coefficient.support_eq_inner,ReasLib/ConsensusADMM/Period48/Coefficient.lean,pending,proof_unit_id,True,True,record_linkage_not_full_kernel_revalidation
obligation-0188,analysis-algebra,hdp__example_3_7_5,HDP/Chapter_3/example_3_7_5.lean,PolynomialKernel.inner_quadraticCubicFeatureMap,ReasLib/Analysis/InnerProductSpace/PolynomialKernel.lean,pending,proof_unit_id,True,True,record_linkage_not_full_kernel_revalidation
obligation-0189,analysis-algebra,hdp__example_3_7_5,HDP/Chapter_3/example_3_7_5.lean,PolynomialKernel.exists_quadraticCubicFeatureMap,ReasLib/Analysis/InnerProductSpace/PolynomialKernel.lean,pending,proof_unit_id,True,True,record_linkage_not_full_kernel_revalidation
obligation-0190,analysis-algebra,hdp__exercise_1_3,HDP/Chapter_1/exercise_1_3.lean,convexOn_iff_map_sum_le,ReasLib/Analysis/Convex/Jensen.lean,pending,proof_unit_id,True,True,record_linkage_not_full_kernel_revalidation
obligation-0191,analysis-algebra,hdp__exercise_1_3,HDP/Chapter_1/exercise_1_3.lean,ConvexOn.map_integral_simpleFunc_le,ReasLib/Analysis/Convex/Jensen.lean,pending,proof_unit_id,True,True,record_linkage_not_full_kernel_revalidation
obligation-0192,matrices,ch1_definition_1_10,Chapter1/ch1_definition_1_10.lean,InnerProductSpace.mem_hyperplane,ReasLib/Analysis/InnerProductSpace/Hyperplane.lean,pending,proof_unit_id,True,True,record_linkage_not_full_kernel_revalidation
obligation-0193,matrices,ch1_definition_1_12,Chapter1/ch1_definition_1_12.lean,mem_openLineSegment,ReasLib/Analysis/Convex/Segment.lean,pending,proof_unit_id,True,True,record_linkage_not_full_kernel_revalidation
obligation-0194,matrices,ch1_definition_1_12,Chapter1/ch1_definition_1_12.lean,openLineSegment_same,ReasLib/Analysis/Convex/Segment.lean,pending,proof_unit_id,True,True,record_linkage_not_full_kernel_revalidation
obligation-0195,matrices,ch1_definition_1_12,Chapter1/ch1_definition_1_12.lean,openLineSegment_eq_openSegment,ReasLib/Analysis/Convex/Segment.lean,pending,proof_unit_id,True,True,record_linkage_not_full_kernel_revalidation
obligation-0196,matrices,ch1_definition_1_13,Chapter1/ch1_definition_1_13.lean,Set.mem_closedHalfSpace,ReasLib/Geometry/Convex/Halfspace.lean,pending,proof_unit_id,True,True,record_linkage_not_full_kernel_revalidation
obligation-0197,matrices,ch1_definition_1_18,Chapter1/ch1_definition_1_18.lean,Matrix.PosDef.norm_eq_sqrt_dotProduct_mulVec,ReasLib/Analysis/Matrix/PosDef.lean,pending,proof_unit_id,True,True,record_linkage_not_full_kernel_revalidation
obligation-0198,matrices,ch1_definition_1_19,Chapter1/ch1_definition_1_19.lean,lpNorm_def,ReasLib/Analysis/Normed/Lp/Finite.lean,pending,proof_unit_id,True,True,record_linkage_not_full_kernel_revalidation
obligation-0199,matrices,ch1_definition_1_27,Chapter1/ch1_definition_1_27.lean,signVector_apply,ReasLib/Analysis/Vector/Sign.lean,pending,proof_unit_id,True,True,record_linkage_not_full_kernel_revalidation
obligation-0200,matrices,ch1_definition_1_27,Chapter1/ch1_definition_1_27.lean,signVector_apply_of_nonneg,ReasLib/Analysis/Vector/Sign.lean,pending,proof_unit_id,True,True,record_linkage_not_full_kernel_revalidation
obligation-0201,matrices,ch1_definition_1_27,Chapter1/ch1_definition_1_27.lean,signVector_apply_of_neg,ReasLib/Analysis/Vector/Sign.lean,pending,proof_unit_id,True,True,record_linkage_not_full_kernel_revalidation
obligation-0202,matrices,ch1_definition_1_27,Chapter1/ch1_definition_1_27.lean,signVector_zero,ReasLib/Analysis/Vector/Sign.lean,pending,proof_unit_id,True,True,record_linkage_not_full_kernel_revalidation
obligation-0203,matrices,ch1_definition_1_29,Chapter1/ch1_definition_1_29.lean,Matrix.frobeniusInner_eq_sum,ReasLib/LinearAlgebra/Matrix/Frobenius.lean,pending,proof_unit_id,True,True,record_linkage_not_full_kernel_revalidation
obligation-0204,matrices,ch1_definition_1_29,Chapter1/ch1_definition_1_29.lean,Matrix.frobeniusInner_eq_trace,ReasLib/LinearAlgebra/Matrix/Frobenius.lean,pending,proof_unit_id,True,True,record_linkage_not_full_kernel_revalidation
obligation-0205,matrices,ch1_definition_1_30,Chapter1/ch1_definition_1_30.lean,EuclideanMatrix.toMatrix_apply,ReasLib/LinearAlgebra/Matrix/Euclidean.lean,pending,proof_unit_id,True,True,record_linkage_not_full_kernel_revalidation
obligation-0206,matrices,ch1_definition_1_30,Chapter1/ch1_definition_1_30.lean,EuclideanMatrix.ofMatrix_apply,ReasLib/LinearAlgebra/Matrix/Euclidean.lean,pending,proof_unit_id,True,True,record_linkage_not_full_kernel_revalidation
obligation-0207,matrices,ch1_definition_1_30,Chapter1/ch1_definition_1_30.lean,EuclideanMatrix.toMatrix_ofMatrix,ReasLib/LinearAlgebra/Matrix/Euclidean.lean,pending,proof_unit_id,True,True,record_linkage_not_full_kernel_revalidation
obligation-0208,matrices,ch1_definition_1_30,Chapter1/ch1_definition_1_30.lean,EuclideanMatrix.ofMatrix_toMatrix,ReasLib/LinearAlgebra/Matrix/Euclidean.lean,pending,proof_unit_id,True,True,record_linkage_not_full_kernel_revalidation
obligation-0209,matrices,ch1_definition_1_30,Chapter1/ch1_definition_1_30.lean,EuclideanMatrix.toMatrix_add,ReasLib/LinearAlgebra/Matrix/Euclidean.lean,pending,proof_unit_id,True,True,record_linkage_not_full_kernel_revalidation
obligation-0210,matrices,ch1_definition_1_30,Chapter1/ch1_definition_1_30.lean,EuclideanMatrix.toMatrix_smul,ReasLib/LinearAlgebra/Matrix/Euclidean.lean,pending,proof_unit_id,True,True,record_linkage_not_full_kernel_revalidation
obligation-0211,matrices,ch1_definition_1_30,Chapter1/ch1_definition_1_30.lean,EuclideanMatrix.linearEquiv_apply,ReasLib/LinearAlgebra/Matrix/Euclidean.lean,pending,proof_unit_id,True,True,record_linkage_not_full_kernel_revalidation
obligation-0212,matrices,ch1_definition_1_30,Chapter1/ch1_definition_1_30.lean,EuclideanMatrix.inner_apply,ReasLib/LinearAlgebra/Matrix/Euclidean.lean,pending,proof_unit_id,True,True,record_linkage_not_full_kernel_revalidation
obligation-0213,matrices,ch1_definition_1_30,Chapter1/ch1_definition_1_30.lean,EuclideanMatrix.inner_eq_trace_transpose_mul,ReasLib/LinearAlgebra/Matrix/Euclidean.lean,pending,proof_unit_id,True,True,record_linkage_not_full_kernel_revalidation
obligation-0214,matrices,ch1_definition_1_30,Chapter1/ch1_definition_1_30.lean,Matrix.mem_symmetricSubmodule,ReasLib/LinearAlgebra/Matrix/Symmetric.lean,pending,proof_unit_id,True,True,record_linkage_not_full_kernel_revalidation
obligation-0215,matrices,ch1_definition_1_30,Chapter1/ch1_definition_1_30.lean,Matrix.mem_symmetricSubmodule_iff_transpose_eq,ReasLib/LinearAlgebra/Matrix/Symmetric.lean,pending,proof_unit_id,True,True,record_linkage_not_full_kernel_revalidation
obligation-0216,matrices,ch1_definition_1_30,Chapter1/ch1_definition_1_30.lean,SymmetricMatrix.mem_space,ReasLib/LinearAlgebra/Matrix/Symmetric.lean,pending,proof_unit_id,True,True,record_linkage_not_full_kernel_revalidation
obligation-0217,matrices,ch1_definition_1_30,Chapter1/ch1_definition_1_30.lean,SymmetricMatrix.toMatrix_apply,ReasLib/LinearAlgebra/Matrix/Symmetric.lean,pending,proof_unit_id,True,True,record_linkage_not_full_kernel_revalidation
obligation-0218,matrices,ch1_definition_1_30,Chapter1/ch1_definition_1_30.lean,SymmetricMatrix.isSymm_toMatrix,ReasLib/LinearAlgebra/Matrix/Symmetric.lean,pending,proof_unit_id,True,True,record_linkage_not_full_kernel_revalidation
obligation-0219,matrices,ch1_definition_1_30,Chapter1/ch1_definition_1_30.lean,SymmetricMatrix.ofMatrix_mem,ReasLib/LinearAlgebra/Matrix/Symmetric.lean,pending,proof_unit_id,True,True,record_linkage_not_full_kernel_revalidation
obligation-0220,matrices,ch1_definition_1_30,Chapter1/ch1_definition_1_30.lean,SymmetricMatrix.toMatrix_ofMatrix,ReasLib/LinearAlgebra/Matrix/Symmetric.lean,pending,proof_unit_id,True,True,record_linkage_not_full_kernel_revalidation
obligation-0221,matrices,ch1_definition_1_30,Chapter1/ch1_definition_1_30.lean,SymmetricMatrix.ofMatrix_toMatrix,ReasLib/LinearAlgebra/Matrix/Symmetric.lean,pending,proof_unit_id,True,True,record_linkage_not_full_kernel_revalidation
obligation-0222,matrices,ch1_definition_1_30,Chapter1/ch1_definition_1_30.lean,SymmetricMatrix.inner_apply,ReasLib/LinearAlgebra/Matrix/Symmetric.lean,pending,proof_unit_id,True,True,record_linkage_not_full_kernel_revalidation
obligation-0223,matrices,ch1_definition_1_33,Chapter1/ch1_definition_1_33.lean,Matrix.frobenius_norm_eq_sqrt_sum_sq,ReasLib/Analysis/Matrix/FrobeniusNorm.lean,pending,proof_unit_id,True,True,record_linkage_not_full_kernel_revalidation
obligation-0224,matrices,ch1_definition_1_33,Chapter1/ch1_definition_1_33.lean,Matrix.frobenius_norm_eq_sqrt_trace,ReasLib/Analysis/Matrix/FrobeniusNorm.lean,pending,proof_unit_id,True,True,record_linkage_not_full_kernel_revalidation
obligation-0225,matrices,ch1_proposition_1_2,Chapter1/ch1_proposition_1_2.lean,LinearMap.norm_toContinuousLinearMap_eq_singularValues_zero,ReasLib/Analysis/InnerProductSpace/SingularValues.lean,pending,proof_unit_id,True,True,record_linkage_not_full_kernel_revalidation
obligation-0226,matrices,ch1_proposition_1_3,Chapter1/ch1_proposition_1_3.lean,Matrix.inducedL1Norm_def,ReasLib/Analysis/Matrix/L1OperatorNorm.lean,pending,proof_unit_id,True,True,record_linkage_not_full_kernel_revalidation
obligation-0227,matrices,ch1_proposition_1_3,Chapter1/ch1_proposition_1_3.lean,Matrix.inducedL1Norm_eq_maxColumnSum,ReasLib/Analysis/Matrix/L1OperatorNorm.lean,pending,proof_unit_id,True,True,record_linkage_not_full_kernel_revalidation
obligation-0228,matrices,ch1_proposition_1_4,Chapter1/ch1_proposition_1_4.lean,Matrix.opNorm_mulVec_eq_maxRowSum,ReasLib/Analysis/Matrix/LInfOperatorNorm.lean,pending,proof_unit_id,True,True,record_linkage_not_full_kernel_revalidation
obligation-0229,matrices,ch1_proposition_1_5,Chapter1/ch1_proposition_1_5.lean,LinearMap.exists_matrix_mulVec,ReasLib/LinearAlgebra/Matrix/Representation.lean,pending,proof_unit_id,True,True,record_linkage_not_full_kernel_revalidation
obligation-0230,matrices,ch1_proposition_1_6,Chapter1/ch1_proposition_1_6.lean,LinearMap.exists_matrix_mulVec,ReasLib/LinearAlgebra/Matrix/Representation.lean,pending,declaration_and_owner,True,True,record_linkage_not_full_kernel_revalidation
obligation-0231,matrices,ch1_proposition_1_6,Chapter1/ch1_proposition_1_6.lean,LinearMap.exists_matrix_trace_mul,ReasLib/LinearAlgebra/Matrix/Representation.lean,pending,proof_unit_id,True,True,record_linkage_not_full_kernel_revalidation
obligation-0232,matrices,ch1_definition_1_42,Chapter1/ch1_definition_1_42.lean,ContinuousLinearMap.norm_isGreatest_unitBall,ReasLib/Analysis/Normed/Operator/FiniteDimension.lean,pending,proof_unit_id,True,True,record_linkage_not_full_kernel_revalidation
obligation-0233,matrices,ch1_proposition_1_7,Chapter1/ch1_proposition_1_7.lean,ContinuousLinearMap.norm_isGreatest_unitBall,ReasLib/Analysis/Normed/Operator/FiniteDimension.lean,pending,declaration_and_owner,True,True,record_linkage_not_full_kernel_revalidation
obligation-0234,matrices,ch1_proposition_1_7,Chapter1/ch1_proposition_1_7.lean,ContinuousLinearMap.norm_isGreatest_unitSphere,ReasLib/Analysis/Normed/Operator/FiniteDimension.lean,pending,proof_unit_id,True,True,record_linkage_not_full_kernel_revalidation
obligation-0235,matrices,ch1_proposition_1_9,Chapter1/ch1_proposition_1_9.lean,FiniteLp.dualNorm_isGreatest,ReasLib/Analysis/Normed/Lp/Dual.lean,pending,proof_unit_id,True,True,record_linkage_not_full_kernel_revalidation
obligation-0236,matrices,ch1_proposition_1_9,Chapter1/ch1_proposition_1_9.lean,FiniteLp.dualL1Norm_isGreatest,ReasLib/Analysis/Normed/Lp/Dual.lean,pending,proof_unit_id,True,True,record_linkage_not_full_kernel_revalidation
obligation-0237,matrices,ch1_proposition_1_9,Chapter1/ch1_proposition_1_9.lean,FiniteLp.dualLinftyNorm_isGreatest,ReasLib/Analysis/Normed/Lp/Dual.lean,pending,proof_unit_id,True,True,record_linkage_not_full_kernel_revalidation
obligation-0238,matrices,ch1_proposition_1_10,Chapter1/ch1_proposition_1_10.lean,Matrix.PosDef.norm_eq_sqrt_dotProduct_mulVec,ReasLib/Analysis/Matrix/PosDef.lean,pending,declaration_and_owner,True,True,record_linkage_not_full_kernel_revalidation
obligation-0239,matrices,ch1_proposition_1_10,Chapter1/ch1_proposition_1_10.lean,Matrix.PosDef.dualNorm_isGreatest,ReasLib/Analysis/Matrix/PosDef.lean,pending,proof_unit_id,True,True,record_linkage_not_full_kernel_revalidation
obligation-0240,matrices,ch1_proposition_1_10,Chapter1/ch1_proposition_1_10.lean,Matrix.PosDef.diagonal_norm_eq_sqrt_sum,ReasLib/Analysis/Matrix/PosDef.lean,pending,proof_unit_id,True,True,record_linkage_not_full_kernel_revalidation
obligation-0241,matrices,ch1_proposition_1_10,Chapter1/ch1_proposition_1_10.lean,Matrix.PosDef.diagonal_dualNorm_isGreatest,ReasLib/Analysis/Matrix/PosDef.lean,pending,proof_unit_id,True,True,record_linkage_not_full_kernel_revalidation
obligation-0242,matrices,ch1_proposition_1_11,Chapter1/ch1_proposition_1_11.lean,WeightedL2.dualNorm_isLUB,ReasLib/Analysis/Normed/WeightedL2.lean,pending,proof_unit_id,True,True,record_linkage_not_full_kernel_revalidation
obligation-0243,matrices,ch1_proposition_1_12,Chapter1/ch1_proposition_1_12.lean,NormedSpace.surjective_inclusionInDoubleDualLi,ReasLib/Analysis/Normed/Module/DoubleDual.lean,pending,proof_unit_id,True,True,record_linkage_not_full_kernel_revalidation
obligation-0244,matrices,ch1_proposition_1_13,Chapter1/ch1_proposition_1_13.lean,EuclideanMatrix.traceMeasurement_map_add,ReasLib/LinearAlgebra/Matrix/TraceMeasurement.lean,pending,proof_unit_id,True,True,record_linkage_not_full_kernel_revalidation
obligation-0245,matrices,ch1_proposition_1_13,Chapter1/ch1_proposition_1_13.lean,EuclideanMatrix.traceMeasurement_map_smul,ReasLib/LinearAlgebra/Matrix/TraceMeasurement.lean,pending,proof_unit_id,True,True,record_linkage_not_full_kernel_revalidation
obligation-0246,matrices,ch1_proposition_1_13,Chapter1/ch1_proposition_1_13.lean,EuclideanMatrix.traceMeasurement_apply,ReasLib/LinearAlgebra/Matrix/TraceMeasurement.lean,pending,proof_unit_id,True,True,record_linkage_not_full_kernel_revalidation
obligation-0247,matrices,ch1_proposition_1_13,Chapter1/ch1_proposition_1_13.lean,EuclideanMatrix.traceMeasurement_adjoint,ReasLib/LinearAlgebra/Matrix/TraceMeasurement.lean,pending,proof_unit_id,True,True,record_linkage_not_full_kernel_revalidation
obligation-0248,matrices,ch1_proposition_1_15,Chapter1/ch1_proposition_1_15.lean,LinearEquiv.adjoint_symm_inverse,ReasLib/Analysis/InnerProductSpace/Adjoint.lean,pending,proof_unit_id,True,True,record_linkage_not_full_kernel_revalidation
obligation-0249,matrices,ch1_proposition_1_16,Chapter1/ch1_proposition_1_16.lean,ContinuousLinearMap.norm_eq_sSup_norm_mulVec,ReasLib/Analysis/Matrix/OperatorNorm.lean,pending,proof_unit_id,True,True,record_linkage_not_full_kernel_revalidation
