project,reuse_existing,promote,remove,keep_source,keep_item_local
linear-nonlinear-programming,106,427,18,2,0
convex-optimization,191,1769,20,21,0
sun-yuan,721,5000,1544,556,445
linear-optimization,274,498,45,51,7
admm,31,304,25,6,0
nocedal,101,1801,53,55,0
number-theory-script,594,466,63,216,1
bauschke,7,247,52,21,42
elementary-number-theory,260,792,70,92,1
primes-congruences,563,1198,192,228,3
monotone-operator-sum,161,594,22,8,1
l0-l1,112,4,0,0,0
bfgs,24,129,4,19,0
symmetric-pairs,0,63,0,2,0
dfp-wolfe,369,656,34,106,17
question-pairs,40,232,5,0,0
riemann-surfaces,281,82,5,22,32
matrices,64,71,7,9,0
stacks,4953,4915,1124,587,18
analysis-algebra,2,5,0,0,0
