project,area,module_occurrences
dfp-wolfe,Algebra,1
dfp-wolfe,Analysis,158
dfp-wolfe,Geometry,7
dfp-wolfe,LinearAlgebra,10
dfp-wolfe,Optimization,241
dfp-wolfe,Order,1
dfp-wolfe,Topology,14
number-theory-script,Algebra,9
number-theory-script,Analysis,1
number-theory-script,Arithmetic,1
number-theory-script,Data,3
number-theory-script,GroupTheory,1
number-theory-script,NumberTheory,186
number-theory-script,Order,1
number-theory-script,PNat,3
number-theory-script,ZMod,15
primes-congruences,Algebra,2
primes-congruences,AlgebraicGeometry,27
primes-congruences,Computability,3
primes-congruences,ContinuedFractions,32
primes-congruences,Cryptography,10
primes-congruences,GroupTheory,4
primes-congruences,Int,17
primes-congruences,Nat,53
primes-congruences,NumberTheory,77
primes-congruences,Polynomial,2
elementary-number-theory,Algebra,1
elementary-number-theory,Arithmetic,1
elementary-number-theory,ArithmeticFunction,4
elementary-number-theory,GaussianInt,12
elementary-number-theory,Int,21
elementary-number-theory,Nat,60
elementary-number-theory,Polynomial,1
elementary-number-theory,Real,2
elementary-number-theory,ZMod,6
elementary-number-theory,Zsqrtd,1
symmetric-pairs,LinearAlgebra,1
symmetric-pairs,RepresentationTheory,4
riemann-surfaces,AlgebraicTopology,3
riemann-surfaces,Complex,2
riemann-surfaces,ComplexAnalysis,12
riemann-surfaces,ComplexTorus,6
riemann-surfaces,Geometry,24
riemann-surfaces,Order,1
riemann-surfaces,Topology,9
sun-yuan,Analysis,29
sun-yuan,Convex,22
sun-yuan,LinearAlgebra,41
sun-yuan,NumberTheory,1
sun-yuan,Optimization,285
sun-yuan,Order,1
sun-yuan,Topology,6
bauschke,Analysis,3
bauschke,ConvexAnalysis,26
bfgs,Algebra,1
bfgs,Analysis,224
bfgs,Geometry,7
bfgs,Imported,1
bfgs,LinearAlgebra,12
bfgs,Optimization,371
bfgs,Order,1
bfgs,Topology,21
convex-optimization,Analysis,78
convex-optimization,Classification,1
convex-optimization,Convex,27
convex-optimization,Finance,2
convex-optimization,LinearAlgebra,32
convex-optimization,MeasureTheory,8
convex-optimization,Metric,3
convex-optimization,Optimization,83
convex-optimization,Order,2
convex-optimization,Probability,8
convex-optimization,Statistics,1
convex-optimization,Topology,2
question-pairs,Analysis,1
question-pairs,Combinatorics,3
question-pairs,Convex,6
question-pairs,Geometry,2
question-pairs,LearningTheory,26
question-pairs,LinearAlgebra,3
question-pairs,Optimization,3
question-pairs,Order,1
question-pairs,Probability,12
question-pairs,ReinforcementLearning,1
question-pairs,Topology,1
admm,ADMM,3
admm,ConsensusADMM,11
admm,Convex,4
admm,Optimization,8
analysis-algebra,Analysis,2
linear-optimization,Algorithms,4
linear-optimization,Analysis,11
linear-optimization,Combinatorics,9
linear-optimization,Complexity,4
linear-optimization,Data,1
linear-optimization,Finance,1
linear-optimization,LinearAlgebra,8
linear-optimization,MeasureTheory,2
linear-optimization,Optimization,94
linear-optimization,Topology,1
l0-l1,Analysis,1
l0-l1,CompositeOptimization,5
l0-l1,ConvexAnalysis,5
l0-l1,Optimization,30
l0-l1,Order,1
linear-nonlinear-programming,Analysis,9
linear-nonlinear-programming,Combinatorics,4
linear-nonlinear-programming,Geometry,2
linear-nonlinear-programming,LinearAlgebra,9
linear-nonlinear-programming,Optimization,45
nocedal,Analysis,24
nocedal,Combinatorics,2
nocedal,LinearAlgebra,25
nocedal,NumericalAnalysis,2
nocedal,Optimization,160
monotone-operator-sum,Analysis,27
monotone-operator-sum,Combinatorics,2
monotone-operator-sum,Data,1
monotone-operator-sum,FunctionalAnalysis,99
monotone-operator-sum,MeasureTheory,18
monotone-operator-sum,Order,1
monotone-operator-sum,Topology,4
stacks,Algebra,2390
stacks,AlgebraicGeometry,2477
stacks,AlgebraicTopology,361
stacks,CategoryTheory,4743
stacks,Data,6
stacks,FieldTheory,113
stacks,Geometry,4
stacks,GroupTheory,1
stacks,LinearAlgebra,124
stacks,NumberTheory,14
stacks,Order,7
stacks,RingTheory,2020
stacks,Root,11
stacks,SetTheory,2
stacks,Topology,375
matrices,Analysis,15
matrices,Geometry,1
matrices,LinearAlgebra,5
