snapshot,project,selection,reason,archive_available,archive_sha256,source_group,toolchain,integration_manifests
snapshot-001,linear-nonlinear-programming,representative_mathematical_project,覆盖统计；准确书目未核清,True,d480650dfa30d251ee6cd1f1feb7c422552228119175abe1b4702b43f6af856d,a3a501b3310f09a5ab359edf22268821e6437411b7995623adeb2ac91b0ef460,leanprover/lean4:v4.32.0,104
snapshot-002,convex-optimization,representative_mathematical_project,教材构库覆盖；书目版本未核清,True,83b3317236aab79910d183de5180c10248fce2bc1f925ae36a6aaeffcdf74f8a,234b5bfddd2959d9f48586f0fe3591125f5dae261cdf94a2cfd747fc7f31318a,leanprover/lean4:v4.32.0,243
snapshot-003,,partial_mathematical_project,随机优化数学项目；保留陈述及未完成阶段,True,964ea770fa99cb7b5b75daa33bb3ad0828e9d04b6ae57d25808489d8b253fdd8,95ad113c58c6cf76614ce04cdbc5f752c415750e13bf515ea9d4f84711bda675,leanprover/lean4:v4.32.0,0
snapshot-004,,partial_mathematical_project,数域数学项目；保留陈述及未完成阶段,True,01ef59301eb7b35d2b15be74539c436d41e36df891484c8d287733fc9927f0c7,a923326f6e85a0d6549963893bd74401c5dd5b70fc803487741be9e2c4b35d15,leanprover/lean4:v4.32.0,0
snapshot-005,sun-yuan,representative_mathematical_project,教材构库覆盖,True,64ee74f8f382806f2a4fda47871fd74f1f871a03f2b8671654c798f7d7842c33,97422a232845241a7fa60c59434aa834cccc1db1e77ae99eb01c6ddbe7fe45e1,leanprover/lean4:v4.31.0,494
snapshot-006,,system_validation,保留接口、来源持久化或协调记录；不计作独立数学材料；源码导出不可用，按可见任务记录分类,False,,ba6af5e8775841f564f6db56eb6ce5f49323c2c16292a28a9f2796b6a80ac818,,0
snapshot-007,,partial_mathematical_project,陈述批次；有数学源码，没有整合清单,True,e6361ca608d1259bbf8e0354a710e6220c72f387ef9a898eac6fde4556dc1f85,,leanprover/lean4:v4.32.0,0
snapshot-008,linear-optimization,representative_mathematical_project,教材构库覆盖,True,7b54297d448d78a33d792f6669608c2d2171334cd075558c0b2a6a79c8cc3b0b,9974ff6e75b71c63ebe9888ed08f94dc4d46a516989ec2a0b9f80cee473df214,leanprover/lean4:v4.32.0,152
snapshot-009,admm,representative_mathematical_project,证明交接；不据此断言原稿反例正确,True,5962b04ac42e98ba99d127e33df1dc4146feb25685f1e88a8f7ec241105c33a3,e28ec9112360bc95446e67e9fab56522b1f33db1ee591886ec17fedea93de3fe,leanprover/lean4:v4.32.0,15
snapshot-010,nocedal,representative_mathematical_project,数学案例、证明交接,True,fee5f9334626c70fc92f1fbf74da342d741f26ee330f8441391e49317884ea41,085feb7efa133a78f9d51d9bfaed5ba514f246a8e1f5dcd6631db7aec10fba61,leanprover/lean4:v4.32.0,245
snapshot-011,,related_version_or_historical_batch,Stacks 主版本；与章节版重叠，保留全量记录,True,ed16d9654febec6b682c527f534def2152162b2c47ff8ce850b78093184aca40,,leanprover/lean4:v4.32.0,2569
snapshot-012,number-theory-script,representative_mathematical_project,覆盖统计；原书身份未核清,True,514d279d230bb5da946bcd25d90777eb1a8c14bb2efa21fcd609e8dd42d63786,,leanprover/lean4:v4.32.0,375
snapshot-013,bauschke,representative_mathematical_project,覆盖统计；工具链单列,True,d65976842cea443c217a77fbfa07a7ef7537b416555f34d56b6c984ca21f353f,e7ffc61e74cf1520b8ddfff2cf0f5be853a629ac9ce9936b8aefcbdf3b2094f5,leanprover/lean4:v4.29.0,23
snapshot-014,elementary-number-theory,representative_mathematical_project,覆盖统计；原书身份未核清,True,49dda3d42bc894cca728297cb074d473b3ad7cc7f077cacb52bcfb6dc9fecef9,,leanprover/lean4:v4.32.0,419
snapshot-015,,system_validation,保留接口、来源持久化或协调记录；不计作独立数学材料,True,8108b663dc1e081323758c86a33c80b657d5adc7e4099af57dd60cfc597178ea,,leanprover/lean4:v4.32.0,0
snapshot-016,,system_validation,保留接口、来源持久化或协调记录；不计作独立数学材料；源码导出不可用，按可见任务记录分类,False,,ee785e6ef5daf781a2cc7d4d1b962ced15e6d83adffebc143600bf434210b979,,0
snapshot-017,,system_validation,保留接口、来源持久化或协调记录；不计作独立数学材料；源码导出不可用，按可见任务记录分类,False,,a673d92ab457fff70c05ecc359b2d596fe1aed9ed71a7a9a61f12efb15fee51b,,0
snapshot-018,,system_validation,保留接口、来源持久化或协调记录；不计作独立数学材料,True,32e439dc7187ff8e4df44976751cda7eae8911de1c30c64e31046b73f77af542,,leanprover/lean4:v4.32.0,0
snapshot-019,,system_validation,保留接口、来源持久化或协调记录；不计作独立数学材料,True,ecd5eddb5bfaadc801f25842a37d36f84435a5ab50baca80f8a855a8bb93e12e,,leanprover/lean4:v4.32.0,1
snapshot-020,,system_validation,保留接口、来源持久化或协调记录；不计作独立数学材料；源码导出不可用，按可见任务记录分类,False,,,,0
snapshot-021,primes-congruences,representative_mathematical_project,覆盖统计；原书身份未核清,True,45151b7e37cc0c7f596ee18345354aeea239bfc4ac40335b669f3d24b1cc4a95,,leanprover/lean4:v4.32.0,641
snapshot-022,,related_version_or_historical_batch,Lebl 第 6 章早期批次；两份上传文本与本地原文哈希匹配；不计为整合成功,True,4674ba66fc2933053721d28bc9203c41771a6633ba71fd91afc29d0d2a828328,6e2b83e3dd378e35b3a3d724235bfa57a8807ff8d1eaca6d75a53af005101d87,leanprover/lean4:v4.32.0,0
snapshot-023,,related_version_or_historical_batch,Lebl 历史批次；保留陈述和运行记录,True,105351050f1a0a7ba2f22bd25f7871e16564fdca98d76c7f7d10f038da661982,,leanprover/lean4:v4.32.0,0
snapshot-024,,partial_mathematical_project,数论猜想数学项目；保留陈述及未完成阶段,True,ee59fcaa0c2c0644d4206140e8ec37ec475d20fe7df598bff4a43e50bdf4da2e,af8d467093c6174d74d370f97cec34477d3901203beeca4f77588eab4c55905c,leanprover/lean4:v4.32.0,0
snapshot-025,,system_validation,保留接口、来源持久化或协调记录；不计作独立数学材料,True,8b42a670da8bf86be647377d1188ffa3d1c09f9bb8de71561563028d29d60a68,8bf9e1954a6a12b0da17b6c5f753f432625c77ed4da0511ab2e82e6da30c9176,leanprover/lean4:v4.32.0,0
snapshot-026,,related_version_or_historical_batch,Lebl 历史准备批次；保留准备和运行记录,True,d4b7e314bde2a6d19c45cc04ed2ceff2321e91dc4da12fb15385bbf7c743e4f8,,leanprover/lean4:v4.32.0,0
snapshot-027,,system_validation,保留接口、来源持久化或协调记录；不计作独立数学材料,True,a684b933eddef87726c6351161c671edacb2dd64923d121d49abe1a1d7cf3a2d,,leanprover/lean4:v4.32.0,3
snapshot-028,,system_validation,保留接口、来源持久化或协调记录；不计作独立数学材料,True,fe4b6365cff85bfcde87c1125894b404d7d15eab90f4babe36358cace23024d0,,leanprover/lean4:v4.32.0,0
snapshot-029,,related_version_or_historical_batch,L0L1 相关稿本；有库文件但没有现存整合清单,True,e2288b1877db3c80bfd8937f5de18591a544dbc63fccf9da47cfc7ab7652493a,,leanprover/lean4:v4.32.0,0
snapshot-030,monotone-operator-sum,representative_mathematical_project,整合过程补充；不作独立数学正确性证据,True,4b89b690559f1d4725eb96c491c125b2dad352afbe4d06e1d62f38f15ee6a9a3,e1b15cd9a1e404df0113db128a1b5ba9c3d2bd6ec2b595a20700917c511d9afd,leanprover/lean4:v4.32.0,209
snapshot-031,l0-l1,representative_mathematical_project,证明交接,True,4a54089e5403e459edc6048373d7ecc231ee6203b07d51343e50b85c20dab666,,leanprover/lean4:v4.32.0,14
snapshot-032,,related_version_or_historical_batch,L0L1 相关工具链／历史批次,True,ce200d2ef4fb35ba870766a029e874fe6a097d6c07ca8df2028b11b7471da238,,leanprover/lean4:v4.30.0,25
snapshot-033,,related_version_or_historical_batch,L0L1 修订历史批次,True,0e05203a365f77504a614da62e6e7b257c9c1c668c5625ee08ed2f377ac7d397,a1f584a3b5c50100d98c7c6b5c4e727f076cdd1c21b01fb9622faebe24ade330,leanprover/lean4:v4.30.0,25
snapshot-034,,related_version_or_historical_batch,L0L1 相关历史批次,True,66d4f562e7dc23e4e3a1730512db6de8e560bcc9180206c6d81f09a779febcdd,,leanprover/lean4:v4.30.0,25
snapshot-035,bfgs,representative_mathematical_project,证明交接；全包含导入库,True,b341c04b9c85903a9ed625ba42e5bb3667f53d4e0e435927828d21765726ca08,3545b5474aa8a51f67a2898a8f686cc8d7bf78355f82a3b52d38327aa2f864ec,leanprover/lean4:v4.32.0,17
snapshot-036,,related_version_or_historical_batch,BFGS 相同上传源稿、不同库状态,True,50789f2c310ec51d3b9aa4c9e60c2a496bdf2f99a047e6805b26d2eada90d0da,3545b5474aa8a51f67a2898a8f686cc8d7bf78355f82a3b52d38327aa2f864ec,leanprover/lean4:v4.32.0,7
snapshot-037,,related_version_or_historical_batch,BFGS 相同上传源稿、不同库状态,True,17204ea7455bf31a9e56c6f85f4fff66de85fad735c7684a36a849a27189c709,3545b5474aa8a51f67a2898a8f686cc8d7bf78355f82a3b52d38327aa2f864ec,leanprover/lean4:v4.32.0,7
snapshot-038,,related_version_or_historical_batch,BFGS OCR 稿本；来源版本单列,True,91ce54aca081971f40d47253d787988dd110f2af87141b9c3766c099e29ddbb2,2b9ce048881b9b3564a198518f4d72ee07399d4e7261f43a343a17e7a377a84c,leanprover/lean4:v4.32.0,10
snapshot-039,,related_version_or_historical_batch,BFGS OCR 稿本；来源版本单列,True,be1ea99020ce048126f70fd08cc7a160ebfc51391bd0de48ebdc32470bc56d34,6f68e3af61cbc5e678e645e8a4ac16034cbb2383d20c5cbc2a3d86aa521b8713,leanprover/lean4:v4.32.0,9
snapshot-040,symmetric-pairs,representative_mathematical_project,小规模整合覆盖,True,10770a86211a7727c1184fa3949a24c0c922ceacddd7bd012ed44a6c34ad07bd,c0cc43296ff217fd55e3c606bde564df458fe7299d4abc28561fcb6b9bd73ffe,leanprover/lean4:v4.32.0,3
snapshot-041,,related_version_or_historical_batch,Sun–Yuan 历史导入；不是未经整合基线,True,b505dd5b64c47f0ddae67a180a512d9184cb994c1d9690b80ec7ee18b4eaa5db,,leanprover/lean4:v4.31.0,0
snapshot-042,dfp-wolfe,representative_mathematical_project,表示相关模块；部分清单来源路径已改变,True,55fcda1e08b5ec8839aa44dc855018bd8473120de2defcda712b30474774bcaf,3c9872abf04230e8355c19a1206974eb4305cf0e776fbfbd3f4ebb378658872a,leanprover/lean4:v4.32.0,176
snapshot-043,,system_validation,保留接口、来源持久化或协调记录；不计作独立数学材料,True,1ec4b1bb5862e1ecfd4359036c5fa21d7b46edf635be1dc3f5fc57f971acda1d,,leanprover/lean4:v4.19.0,0
snapshot-044,question-pairs,representative_mathematical_project,覆盖统计；原始题目出处未核清,True,36f1b50f4cddbafcbac3eab9f834a1d254ccddce245568f09dc1d12ba72e3af5,,leanprover/lean4:v4.32.0,82
snapshot-045,riemann-surfaces,representative_mathematical_project,结构表示案例、证明交接,True,3aefeea59a2b4fa29f5fbbf0b53ea58234f2b09aec22b08491e329c0e55ca310,284ff76c42e9e3fd177e9898dd55757c05595e06aea2ab6c42c8e01be5117531,leanprover/lean4:v4.32.0,64
snapshot-046,,related_version_or_historical_batch,DFP 相关历史稿本；没有现存整合清单,True,79d9984073c26b23f83e725cd11cbb4a022ed37af33a784512da13b0c8412685,,leanprover/lean4:v4.32.0,0
snapshot-047,,related_version_or_historical_batch,与 DFP local 上传内容相同；没有现存整合清单,True,823711e5e7dd7c3e3cffb96b6da4a693ece2925497f58e68babe5af8b6f5f102,3c9872abf04230e8355c19a1206974eb4305cf0e776fbfbd3f4ebb378658872a,leanprover/lean4:v4.32.0,0
snapshot-048,,system_validation,保留接口、来源持久化或协调记录；不计作独立数学材料,True,7c0bbcc0cdddc477585d433a7bfb0f0aed0f1f21de9e4a8a0a2dd730b275e309,0942f93f89fdc6601c8930a331e0205ab95d0b645273c2f9684571eaa86334df,leanprover/lean4:v4.32.0,41
snapshot-049,,system_validation,保留接口、来源持久化或协调记录；不计作独立数学材料,True,24d9a9aeed37e035c67baee46c871bb607ae28316febe2056b75d31eea151203,58d85059512f5b878771c5b12446f4ff9a986eb4f342cc6a14d61bc411265016,leanprover/lean4:v4.32.0,0
snapshot-050,,system_validation,保留接口、来源持久化或协调记录；不计作独立数学材料,True,13850d5cf648bc1c73d0665235cfd0faf06302842771077a3e25d58f884c6543,8adb966d9df5c2bd6296688e67c8ecea571c8f2d2b4d5481b0f5b3dcca3d84c7,leanprover/lean4:v4.32.0,0
snapshot-051,matrices,representative_mathematical_project,证明交接；准确书目未核清,True,351c835ab810571e54c60dd13b3bda50720d9493c6d827f37eba39613cf0c387,2b5ecdf348ca7a2fcf73897800befd8010cb0f1a068c9bd5a9a5bbb147f7b1a3,leanprover/lean4:v4.32.0,60
snapshot-052,stacks,representative_mathematical_project,规模与阶段状态；与其它 Stacks 版本重叠,True,f58a8b242f0c354881234ee5fcf1407f8c77761c158fc8c222d9f132680f3080,,leanprover/lean4:v4.32.0,1791
snapshot-053,,related_version_or_historical_batch,与 DFP local 上传内容相同，最终库状态不同,True,d674039ae40d77292a8c54ace674a83155df43438ecc68647b5f44d698b3be71,3c9872abf04230e8355c19a1206974eb4305cf0e776fbfbd3f4ebb378658872a,leanprover/lean4:v4.32.0,176
snapshot-054,,system_validation,保留接口、来源持久化或协调记录；不计作独立数学材料,True,28552b2f157be2f2caeb700f75dbfb53934a648edf2fe859a30e7f6601ce7c51,,leanprover/lean4:v4.32.0,0
snapshot-055,analysis-algebra,representative_mathematical_project,证明交接；原始材料身份未核清,True,7427f4c7b875073272f6ff6e595e00ae68a3415a3f06947e82437bd5ef28aee0,,leanprover/lean4:v4.32.0,4
snapshot-056,,system_validation,保留接口、来源持久化或协调记录；不计作独立数学材料,True,9ce43aa1dd17d0c16ad3056f34978d9cc1965063e43ce4383f9b78109daa237f,,leanprover/lean4:v4.32.0,2
snapshot-057,,related_version_or_historical_batch,Stacks 导入版本；不是独立数学来源,True,bed500805bdee27b34168caa5c9f8772876d71f7631bb7f12d210efcd5e01241,,leanprover/lean4:v4.32.0,0
snapshot-058,,system_validation,保留接口、来源持久化或协调记录；不计作独立数学材料,True,fae8e1660bc1ba628c7e5f8723118a1fa7c03bf9212d1c07799fbf85c559be92,a58b31f8292cb9a0d4b1f3410483b5deaa699410fc5c338161f0142791af911c,leanprover/lean4:v4.32.0,1
snapshot-059,,system_validation,保留接口、来源持久化或协调记录；不计作独立数学材料；源码导出不可用，按可见任务记录分类,False,,d751bd9fbecbff5cda09e3173c94e16b2a67a9d486a6d9e5dd1b711229288c30,,0
snapshot-060,,system_validation,保留接口、来源持久化或协调记录；不计作独立数学材料,True,59675a2156fcad9dc6cb528dd92f15d07768f7ec52e7575a59a52f764d4597d3,58d85059512f5b878771c5b12446f4ff9a986eb4f342cc6a14d61bc411265016,leanprover/lean4:v4.32.0,0
snapshot-061,,system_validation,保留接口、来源持久化或协调记录；不计作独立数学材料,True,0be9dc88bd6d681b64c4e14acfeec20fa195370de21d0f6c3cac5f5d37279fe0,58d85059512f5b878771c5b12446f4ff9a986eb4f342cc6a14d61bc411265016,leanprover/lean4:v4.32.0,0
